/*
 Navicat Premium Data Transfer

 Source Server         : localhost_3306
 Source Server Type    : MySQL
 Source Server Version : 80026
 Source Host           : localhost:3306
 Source Schema         : db_student

 Target Server Type    : MySQL
 Target Server Version : 80026
 File Encoding         : 65001

 Date: 12/10/2021 11:04:14
*/

SET NAMES utf8mb4;
SET FOREIGN_KEY_CHECKS = 0;

-- ----------------------------
-- Table structure for tb_classinfo
-- ----------------------------
DROP TABLE IF EXISTS `tb_classinfo`;
CREATE TABLE `tb_classinfo`  (
  `classID` varchar(10) CHARACTER SET utf8 COLLATE utf8_general_ci NOT NULL COMMENT '班级编号',
  `gradeID` varchar(10) CHARACTER SET utf8 COLLATE utf8_general_ci NULL DEFAULT NULL COMMENT '年级编号',
  PRIMARY KEY (`classID`) USING BTREE
) ENGINE = InnoDB CHARACTER SET = utf8 COLLATE = utf8_general_ci ROW_FORMAT = DYNAMIC;

-- ----------------------------
-- Records of tb_classinfo
-- ----------------------------

-- ----------------------------
-- Table structure for tb_gradeinfo
-- ----------------------------
DROP TABLE IF EXISTS `tb_gradeinfo`;
CREATE TABLE `tb_gradeinfo`  (
  `gradeID` varchar(10) CHARACTER SET utf8 COLLATE utf8_general_ci NOT NULL COMMENT '年级编号',
  `gradeName` varchar(20) CHARACTER SET utf8 COLLATE utf8_general_ci NULL DEFAULT NULL COMMENT '年级名称',
  PRIMARY KEY (`gradeID`) USING BTREE
) ENGINE = InnoDB CHARACTER SET = utf8 COLLATE = utf8_general_ci ROW_FORMAT = DYNAMIC;

-- ----------------------------
-- Records of tb_gradeinfo
-- ----------------------------

-- ----------------------------
-- Table structure for tb_gradeinfo_sub
-- ----------------------------
DROP TABLE IF EXISTS `tb_gradeinfo_sub`;
CREATE TABLE `tb_gradeinfo_sub`  (
  `classID` varchar(10) CHARACTER SET utf32 COLLATE utf32_general_ci NULL DEFAULT NULL COMMENT '班级编号',
  `gradeID` varchar(10) CHARACTER SET utf32 COLLATE utf32_general_ci NOT NULL COMMENT '年级编号',
  `stuid` varchar(10) CHARACTER SET utf32 COLLATE utf32_general_ci NOT NULL COMMENT '学生编号',
  `stuname` varchar(50) CHARACTER SET utf32 COLLATE utf32_general_ci NULL DEFAULT NULL COMMENT '学生姓名',
  `code` varchar(10) CHARACTER SET utf32 COLLATE utf32_general_ci NOT NULL COMMENT '考试科目编号',
  `grade` float NULL DEFAULT NULL COMMENT '考试成绩',
  `subject` varchar(40) CHARACTER SET utf32 COLLATE utf32_general_ci NULL DEFAULT NULL COMMENT '考试科目',
  PRIMARY KEY (`stuid`, `code`) USING BTREE
) ENGINE = InnoDB CHARACTER SET = utf32 COLLATE = utf32_general_ci ROW_FORMAT = DYNAMIC;

-- ----------------------------
-- Records of tb_gradeinfo_sub
-- ----------------------------
INSERT INTO `tb_gradeinfo_sub` VALUES ('1901', '大三', '201911001', '宋李蛟', '1050040', 83, '综合英语（四）');
INSERT INTO `tb_gradeinfo_sub` VALUES ('1901', '大三', '201911001', '宋李蛟', '1080022', 94, '足球（二）');
INSERT INTO `tb_gradeinfo_sub` VALUES ('1901', '大三', '201911001', '宋李蛟', '1100033', 86, '毛泽东思想和中国特色社会主义理论体系概论');
INSERT INTO `tb_gradeinfo_sub` VALUES ('1901', '大三', '201911001', '宋李蛟', '1100061', 85, '形势与政策');
INSERT INTO `tb_gradeinfo_sub` VALUES ('1901', '大三', '201911001', '宋李蛟', '2010062', 93, 'JAVA程序设计');
INSERT INTO `tb_gradeinfo_sub` VALUES ('1901', '大三', '201911001', '宋李蛟', '2010090', 91, '单片机系统及应用');
INSERT INTO `tb_gradeinfo_sub` VALUES ('1901', '大三', '201911001', '宋李蛟', '2010190', 99, '软件工程导论');
INSERT INTO `tb_gradeinfo_sub` VALUES ('1901', '大三', '201911002', '陆祺', '1050040', 66, '综合英语（四）');
INSERT INTO `tb_gradeinfo_sub` VALUES ('1901', '大三', '201911002', '陆祺', '1080026', 82, '健美操（二）');
INSERT INTO `tb_gradeinfo_sub` VALUES ('1901', '大三', '201911002', '陆祺', '1100033', 76, '毛泽东思想和中国特色社会主义理论体系概论');
INSERT INTO `tb_gradeinfo_sub` VALUES ('1901', '大三', '201911002', '陆祺', '1100061', 83, '形势与政策');
INSERT INTO `tb_gradeinfo_sub` VALUES ('1901', '大三', '201911002', '陆祺', '2010062', 89, 'JAVA程序设计');
INSERT INTO `tb_gradeinfo_sub` VALUES ('1901', '大三', '201911002', '陆祺', '2010090', 67, '单片机系统及应用');
INSERT INTO `tb_gradeinfo_sub` VALUES ('1901', '大三', '201911002', '陆祺', '2010190', 82.5, '软件工程导论');
INSERT INTO `tb_gradeinfo_sub` VALUES ('1901', '大三', '201911002', '陆祺', '4115420', 70.3, '漫画艺术欣赏与创作');
INSERT INTO `tb_gradeinfo_sub` VALUES ('1901', '大三', '201911003', '王逸', '1050040', 74, '综合英语（四）');
INSERT INTO `tb_gradeinfo_sub` VALUES ('1901', '大三', '201911003', '王逸', '1080024', 80, '乒乓球（二）');
INSERT INTO `tb_gradeinfo_sub` VALUES ('1901', '大三', '201911003', '王逸', '1100033', 77, '毛泽东思想和中国特色社会主义理论体系概论');
INSERT INTO `tb_gradeinfo_sub` VALUES ('1901', '大三', '201911003', '王逸', '1100061', 82, '形势与政策');
INSERT INTO `tb_gradeinfo_sub` VALUES ('1901', '大三', '201911003', '王逸', '2010062', 97, 'JAVA程序设计');
INSERT INTO `tb_gradeinfo_sub` VALUES ('1901', '大三', '201911003', '王逸', '2010090', 86, '单片机系统及应用');
INSERT INTO `tb_gradeinfo_sub` VALUES ('1901', '大三', '201911003', '王逸', '2010190', 82.5, '软件工程导论');
INSERT INTO `tb_gradeinfo_sub` VALUES ('1901', '大三', '201911004', '关永贺', '1050040', 75, '综合英语（四）');
INSERT INTO `tb_gradeinfo_sub` VALUES ('1901', '大三', '201911004', '关永贺', '1080024', 80, '乒乓球（二）');
INSERT INTO `tb_gradeinfo_sub` VALUES ('1901', '大三', '201911004', '关永贺', '1100033', 80, '毛泽东思想和中国特色社会主义理论体系概论');
INSERT INTO `tb_gradeinfo_sub` VALUES ('1901', '大三', '201911004', '关永贺', '1100061', 80, '形势与政策');
INSERT INTO `tb_gradeinfo_sub` VALUES ('1901', '大三', '201911004', '关永贺', '2010062', 94, 'JAVA程序设计');
INSERT INTO `tb_gradeinfo_sub` VALUES ('1901', '大三', '201911004', '关永贺', '2010090', 82.5, '单片机系统及应用');
INSERT INTO `tb_gradeinfo_sub` VALUES ('1901', '大三', '201911004', '关永贺', '2010190', 88, '软件工程导论');
INSERT INTO `tb_gradeinfo_sub` VALUES ('1901', '大三', '201911005', '林强', '1050040', 66, '综合英语（四）');
INSERT INTO `tb_gradeinfo_sub` VALUES ('1901', '大三', '201911005', '林强', '1070040', 74, '概率论与数理统计A');
INSERT INTO `tb_gradeinfo_sub` VALUES ('1901', '大三', '201911005', '林强', '1070070', 73, '高等数学A（三）');
INSERT INTO `tb_gradeinfo_sub` VALUES ('1901', '大三', '201911005', '林强', '1080026', 80, '健美操（二）');
INSERT INTO `tb_gradeinfo_sub` VALUES ('1901', '大三', '201911005', '林强', '1100033', 57, '毛泽东思想和中国特色社会主义理论体系概论');
INSERT INTO `tb_gradeinfo_sub` VALUES ('1901', '大三', '201911005', '林强', '1100061', 82, '形势与政策');
INSERT INTO `tb_gradeinfo_sub` VALUES ('1901', '大三', '201911005', '林强', '2010062', 75, 'JAVA程序设计');
INSERT INTO `tb_gradeinfo_sub` VALUES ('1901', '大三', '201911005', '林强', '2010090', 40, '单片机系统及应用');
INSERT INTO `tb_gradeinfo_sub` VALUES ('1901', '大三', '201911005', '林强', '2010190', 66, '软件工程导论');
INSERT INTO `tb_gradeinfo_sub` VALUES ('1901', '大三', '201911005', '林强', '4115390', 99.4, '大脑的奥秘：神经科学导论');
INSERT INTO `tb_gradeinfo_sub` VALUES ('1901', '大三', '201911005', '林强', '4115420', 99.88, '漫画艺术欣赏与创作');
INSERT INTO `tb_gradeinfo_sub` VALUES ('1901', '大三', '201911006', '范荣誉', '1050040', 70, '综合英语（四）');
INSERT INTO `tb_gradeinfo_sub` VALUES ('1901', '大三', '201911006', '范荣誉', '1080024', 80, '乒乓球（二）');
INSERT INTO `tb_gradeinfo_sub` VALUES ('1901', '大三', '201911006', '范荣誉', '1100033', 70, '毛泽东思想和中国特色社会主义理论体系概论');
INSERT INTO `tb_gradeinfo_sub` VALUES ('1901', '大三', '201911006', '范荣誉', '1100061', 83, '形势与政策');
INSERT INTO `tb_gradeinfo_sub` VALUES ('1901', '大三', '201911006', '范荣誉', '2010062', 75, 'JAVA程序设计');
INSERT INTO `tb_gradeinfo_sub` VALUES ('1901', '大三', '201911006', '范荣誉', '2010090', 63, '单片机系统及应用');
INSERT INTO `tb_gradeinfo_sub` VALUES ('1901', '大三', '201911006', '范荣誉', '2010190', 63, '软件工程导论');
INSERT INTO `tb_gradeinfo_sub` VALUES ('1901', '大三', '201911006', '范荣誉', '4115420', 100, '漫画艺术欣赏与创作');
INSERT INTO `tb_gradeinfo_sub` VALUES ('1901', '大三', '201911007', '李莹', '1050040', 72, '综合英语（四）');
INSERT INTO `tb_gradeinfo_sub` VALUES ('1901', '大三', '201911007', '李莹', '1080024', 93, '乒乓球（二）');
INSERT INTO `tb_gradeinfo_sub` VALUES ('1901', '大三', '201911007', '李莹', '1100033', 72, '毛泽东思想和中国特色社会主义理论体系概论');
INSERT INTO `tb_gradeinfo_sub` VALUES ('1901', '大三', '201911007', '李莹', '1100061', 80, '形势与政策');
INSERT INTO `tb_gradeinfo_sub` VALUES ('1901', '大三', '201911007', '李莹', '2010062', 79, 'JAVA程序设计');
INSERT INTO `tb_gradeinfo_sub` VALUES ('1901', '大三', '201911007', '李莹', '2010090', 69, '单片机系统及应用');
INSERT INTO `tb_gradeinfo_sub` VALUES ('1901', '大三', '201911007', '李莹', '2010112', 43, '计算机网络');
INSERT INTO `tb_gradeinfo_sub` VALUES ('1901', '大三', '201911007', '李莹', '2010190', 74, '软件工程导论');
INSERT INTO `tb_gradeinfo_sub` VALUES ('1901', '大三', '201911008', '孙安超', '1050040', 62, '综合英语（四）');
INSERT INTO `tb_gradeinfo_sub` VALUES ('1901', '大三', '201911008', '孙安超', '1080024', 80, '乒乓球（二）');
INSERT INTO `tb_gradeinfo_sub` VALUES ('1901', '大三', '201911008', '孙安超', '1100033', 84, '毛泽东思想和中国特色社会主义理论体系概论');
INSERT INTO `tb_gradeinfo_sub` VALUES ('1901', '大三', '201911008', '孙安超', '1100061', 82, '形势与政策');
INSERT INTO `tb_gradeinfo_sub` VALUES ('1901', '大三', '201911008', '孙安超', '2010062', 91, 'JAVA程序设计');
INSERT INTO `tb_gradeinfo_sub` VALUES ('1901', '大三', '201911008', '孙安超', '2010090', 81, '单片机系统及应用');
INSERT INTO `tb_gradeinfo_sub` VALUES ('1901', '大三', '201911008', '孙安超', '2010190', 76.5, '软件工程导论');
INSERT INTO `tb_gradeinfo_sub` VALUES ('1901', '大三', '201911008', '孙安超', '4115410', 76.66, '透过性别看世界');
INSERT INTO `tb_gradeinfo_sub` VALUES ('1901', '大三', '201911008', '孙安超', '4115420', 97.76, '漫画艺术欣赏与创作');
INSERT INTO `tb_gradeinfo_sub` VALUES ('1901', '大三', '201911009', '赵美妍', '1050040', 85, '综合英语（四）');
INSERT INTO `tb_gradeinfo_sub` VALUES ('1901', '大三', '201911009', '赵美妍', '1080022', 94, '足球（二）');
INSERT INTO `tb_gradeinfo_sub` VALUES ('1901', '大三', '201911009', '赵美妍', '1100033', 88.5, '毛泽东思想和中国特色社会主义理论体系概论');
INSERT INTO `tb_gradeinfo_sub` VALUES ('1901', '大三', '201911009', '赵美妍', '1100061', 84, '形势与政策');
INSERT INTO `tb_gradeinfo_sub` VALUES ('1901', '大三', '201911009', '赵美妍', '2010062', 96, 'JAVA程序设计');
INSERT INTO `tb_gradeinfo_sub` VALUES ('1901', '大三', '201911009', '赵美妍', '2010090', 94, '单片机系统及应用');
INSERT INTO `tb_gradeinfo_sub` VALUES ('1901', '大三', '201911009', '赵美妍', '2010190', 93, '软件工程导论');
INSERT INTO `tb_gradeinfo_sub` VALUES ('1901', '大三', '201911009', '赵美妍', '4115420', 97.91, '漫画艺术欣赏与创作');
INSERT INTO `tb_gradeinfo_sub` VALUES ('1901', '大三', '201911010', '刘松', '1050040', 66, '综合英语（四）');
INSERT INTO `tb_gradeinfo_sub` VALUES ('1901', '大三', '201911010', '刘松', '1080029', 85, '武术（二）');
INSERT INTO `tb_gradeinfo_sub` VALUES ('1901', '大三', '201911010', '刘松', '1100033', 78, '毛泽东思想和中国特色社会主义理论体系概论');
INSERT INTO `tb_gradeinfo_sub` VALUES ('1901', '大三', '201911010', '刘松', '1100061', 82, '形势与政策');
INSERT INTO `tb_gradeinfo_sub` VALUES ('1901', '大三', '201911010', '刘松', '2010062', 93, 'JAVA程序设计');
INSERT INTO `tb_gradeinfo_sub` VALUES ('1901', '大三', '201911010', '刘松', '2010090', 75, '单片机系统及应用');
INSERT INTO `tb_gradeinfo_sub` VALUES ('1901', '大三', '201911010', '刘松', '2010190', 83.5, '软件工程导论');
INSERT INTO `tb_gradeinfo_sub` VALUES ('1901', '大三', '201911010', '刘松', '4115420', 95.09, '漫画艺术欣赏与创作');
INSERT INTO `tb_gradeinfo_sub` VALUES ('1901', '大三', '201911011', '李财东', '1050040', 79, '综合英语（四）');
INSERT INTO `tb_gradeinfo_sub` VALUES ('1901', '大三', '201911011', '李财东', '1080029', 90, '武术（二）');
INSERT INTO `tb_gradeinfo_sub` VALUES ('1901', '大三', '201911011', '李财东', '1100033', 85, '毛泽东思想和中国特色社会主义理论体系概论');
INSERT INTO `tb_gradeinfo_sub` VALUES ('1901', '大三', '201911011', '李财东', '1100061', 84, '形势与政策');
INSERT INTO `tb_gradeinfo_sub` VALUES ('1901', '大三', '201911011', '李财东', '2010062', 76, 'JAVA程序设计');
INSERT INTO `tb_gradeinfo_sub` VALUES ('1901', '大三', '201911011', '李财东', '2010090', 73, '单片机系统及应用');
INSERT INTO `tb_gradeinfo_sub` VALUES ('1901', '大三', '201911011', '李财东', '2010190', 79, '软件工程导论');
INSERT INTO `tb_gradeinfo_sub` VALUES ('1901', '大三', '201911011', '李财东', '4115420', 94.18, '漫画艺术欣赏与创作');
INSERT INTO `tb_gradeinfo_sub` VALUES ('1901', '大三', '201911012', '谭君奇', '1050040', 85, '综合英语（四）');
INSERT INTO `tb_gradeinfo_sub` VALUES ('1901', '大三', '201911012', '谭君奇', '1080024', 83, '乒乓球（二）');
INSERT INTO `tb_gradeinfo_sub` VALUES ('1901', '大三', '201911012', '谭君奇', '1100033', 63, '毛泽东思想和中国特色社会主义理论体系概论');
INSERT INTO `tb_gradeinfo_sub` VALUES ('1901', '大三', '201911012', '谭君奇', '1100061', 82, '形势与政策');
INSERT INTO `tb_gradeinfo_sub` VALUES ('1901', '大三', '201911012', '谭君奇', '2010062', 74, 'JAVA程序设计');
INSERT INTO `tb_gradeinfo_sub` VALUES ('1901', '大三', '201911012', '谭君奇', '2010090', 74, '单片机系统及应用');
INSERT INTO `tb_gradeinfo_sub` VALUES ('1901', '大三', '201911012', '谭君奇', '2010190', 82, '软件工程导论');
INSERT INTO `tb_gradeinfo_sub` VALUES ('1901', '大三', '201911013', '孟繁宇', '1050040', 57, '综合英语（四）');
INSERT INTO `tb_gradeinfo_sub` VALUES ('1901', '大三', '201911013', '孟繁宇', '1080022', 88, '足球（二）');
INSERT INTO `tb_gradeinfo_sub` VALUES ('1901', '大三', '201911013', '孟繁宇', '1100033', 73, '毛泽东思想和中国特色社会主义理论体系概论');
INSERT INTO `tb_gradeinfo_sub` VALUES ('1901', '大三', '201911013', '孟繁宇', '1100061', 83, '形势与政策');
INSERT INTO `tb_gradeinfo_sub` VALUES ('1901', '大三', '201911013', '孟繁宇', '2010062', 76, 'JAVA程序设计');
INSERT INTO `tb_gradeinfo_sub` VALUES ('1901', '大三', '201911013', '孟繁宇', '2010090', 73, '单片机系统及应用');
INSERT INTO `tb_gradeinfo_sub` VALUES ('1901', '大三', '201911013', '孟繁宇', '2010190', 60, '软件工程导论');
INSERT INTO `tb_gradeinfo_sub` VALUES ('1901', '大三', '201911013', '孟繁宇', '4115450', 95.25, '微表情识别：读脸读心');
INSERT INTO `tb_gradeinfo_sub` VALUES ('1901', '大三', '201911014', '谢俊浩', '1050040', 100, '综合英语（四）');
INSERT INTO `tb_gradeinfo_sub` VALUES ('1901', '大三', '201911014', '谢俊浩', '1080024', 80, '乒乓球（二）');
INSERT INTO `tb_gradeinfo_sub` VALUES ('1901', '大三', '201911014', '谢俊浩', '1100033', 87, '毛泽东思想和中国特色社会主义理论体系概论');
INSERT INTO `tb_gradeinfo_sub` VALUES ('1901', '大三', '201911014', '谢俊浩', '1100061', 82, '形势与政策');
INSERT INTO `tb_gradeinfo_sub` VALUES ('1901', '大三', '201911014', '谢俊浩', '2010062', 91, 'JAVA程序设计');
INSERT INTO `tb_gradeinfo_sub` VALUES ('1901', '大三', '201911014', '谢俊浩', '2010090', 84, '单片机系统及应用');
INSERT INTO `tb_gradeinfo_sub` VALUES ('1901', '大三', '201911014', '谢俊浩', '2010190', 83, '软件工程导论');
INSERT INTO `tb_gradeinfo_sub` VALUES ('1901', '大三', '201911014', '谢俊浩', '4115410', 99.6, '透过性别看世界');
INSERT INTO `tb_gradeinfo_sub` VALUES ('1901', '大三', '201911014', '谢俊浩', '4115420', 100, '漫画艺术欣赏与创作');
INSERT INTO `tb_gradeinfo_sub` VALUES ('1901', '大三', '201911015', '莫淳雨', '1050040', 73, '综合英语（四）');
INSERT INTO `tb_gradeinfo_sub` VALUES ('1901', '大三', '201911015', '莫淳雨', '1080024', 83, '乒乓球（二）');
INSERT INTO `tb_gradeinfo_sub` VALUES ('1901', '大三', '201911015', '莫淳雨', '1100033', 81.5, '毛泽东思想和中国特色社会主义理论体系概论');
INSERT INTO `tb_gradeinfo_sub` VALUES ('1901', '大三', '201911015', '莫淳雨', '1100061', 80, '形势与政策');
INSERT INTO `tb_gradeinfo_sub` VALUES ('1901', '大三', '201911015', '莫淳雨', '2010062', 91, 'JAVA程序设计');
INSERT INTO `tb_gradeinfo_sub` VALUES ('1901', '大三', '201911015', '莫淳雨', '2010090', 89, '单片机系统及应用');
INSERT INTO `tb_gradeinfo_sub` VALUES ('1901', '大三', '201911015', '莫淳雨', '2010190', 98, '软件工程导论');
INSERT INTO `tb_gradeinfo_sub` VALUES ('1901', '大三', '201911016', '周洋', '1050040', 71, '综合英语（四）');
INSERT INTO `tb_gradeinfo_sub` VALUES ('1901', '大三', '201911016', '周洋', '1070040', 91, '概率论与数理统计A');
INSERT INTO `tb_gradeinfo_sub` VALUES ('1901', '大三', '201911016', '周洋', '1080021', 89, '篮球（二）');
INSERT INTO `tb_gradeinfo_sub` VALUES ('1901', '大三', '201911016', '周洋', '1100033', 66, '毛泽东思想和中国特色社会主义理论体系概论');
INSERT INTO `tb_gradeinfo_sub` VALUES ('1901', '大三', '201911016', '周洋', '1100061', 84, '形势与政策');
INSERT INTO `tb_gradeinfo_sub` VALUES ('1901', '大三', '201911016', '周洋', '2010062', 63, 'JAVA程序设计');
INSERT INTO `tb_gradeinfo_sub` VALUES ('1901', '大三', '201911016', '周洋', '2010090', 51, '单片机系统及应用');
INSERT INTO `tb_gradeinfo_sub` VALUES ('1901', '大三', '201911016', '周洋', '2010112', 49, '计算机网络');
INSERT INTO `tb_gradeinfo_sub` VALUES ('1901', '大三', '201911016', '周洋', '2010190', 93, '软件工程导论');
INSERT INTO `tb_gradeinfo_sub` VALUES ('1901', '大三', '201911016', '周洋', '4115420', 99.47, '漫画艺术欣赏与创作');
INSERT INTO `tb_gradeinfo_sub` VALUES ('1901', '大三', '201911016', '周洋', '4115440', 100, '清代八旗制度');
INSERT INTO `tb_gradeinfo_sub` VALUES ('1901', '大三', '201911017', '郑蓉梅', '1050040', 72, '综合英语（四）');
INSERT INTO `tb_gradeinfo_sub` VALUES ('1901', '大三', '201911017', '郑蓉梅', '1070040', 64, '概率论与数理统计A');
INSERT INTO `tb_gradeinfo_sub` VALUES ('1901', '大三', '201911017', '郑蓉梅', '1070070', 86, '高等数学A（三）');
INSERT INTO `tb_gradeinfo_sub` VALUES ('1901', '大三', '201911017', '郑蓉梅', '1080024', 83, '乒乓球（二）');
INSERT INTO `tb_gradeinfo_sub` VALUES ('1901', '大三', '201911017', '郑蓉梅', '1100033', 67, '毛泽东思想和中国特色社会主义理论体系概论');
INSERT INTO `tb_gradeinfo_sub` VALUES ('1901', '大三', '201911017', '郑蓉梅', '1100061', 84, '形势与政策');
INSERT INTO `tb_gradeinfo_sub` VALUES ('1901', '大三', '201911017', '郑蓉梅', '2010062', 84, 'JAVA程序设计');
INSERT INTO `tb_gradeinfo_sub` VALUES ('1901', '大三', '201911017', '郑蓉梅', '2010090', 60, '单片机系统及应用');
INSERT INTO `tb_gradeinfo_sub` VALUES ('1901', '大三', '201911017', '郑蓉梅', '2010190', 62, '软件工程导论');
INSERT INTO `tb_gradeinfo_sub` VALUES ('1901', '大三', '201911017', '郑蓉梅', '4115420', 97.04, '漫画艺术欣赏与创作');
INSERT INTO `tb_gradeinfo_sub` VALUES ('1901', '大三', '201911018', '赵赛晗', '1050040', 66, '综合英语（四）');
INSERT INTO `tb_gradeinfo_sub` VALUES ('1901', '大三', '201911018', '赵赛晗', '1080022', 82, '足球（二）');
INSERT INTO `tb_gradeinfo_sub` VALUES ('1901', '大三', '201911018', '赵赛晗', '1100033', 85, '毛泽东思想和中国特色社会主义理论体系概论');
INSERT INTO `tb_gradeinfo_sub` VALUES ('1901', '大三', '201911018', '赵赛晗', '1100061', 82, '形势与政策');
INSERT INTO `tb_gradeinfo_sub` VALUES ('1901', '大三', '201911018', '赵赛晗', '2010062', 81, 'JAVA程序设计');
INSERT INTO `tb_gradeinfo_sub` VALUES ('1901', '大三', '201911018', '赵赛晗', '2010090', 65, '单片机系统及应用');
INSERT INTO `tb_gradeinfo_sub` VALUES ('1901', '大三', '201911018', '赵赛晗', '2010190', 91, '软件工程导论');
INSERT INTO `tb_gradeinfo_sub` VALUES ('1901', '大三', '201911018', '赵赛晗', '4115420', 73.94, '漫画艺术欣赏与创作');
INSERT INTO `tb_gradeinfo_sub` VALUES ('1901', '大三', '201911019', '薛愿鑫', '1050040', 79, '综合英语（四）');
INSERT INTO `tb_gradeinfo_sub` VALUES ('1901', '大三', '201911019', '薛愿鑫', '1080026', 78, '健美操（二）');
INSERT INTO `tb_gradeinfo_sub` VALUES ('1901', '大三', '201911019', '薛愿鑫', '1100033', 72, '毛泽东思想和中国特色社会主义理论体系概论');
INSERT INTO `tb_gradeinfo_sub` VALUES ('1901', '大三', '201911019', '薛愿鑫', '1100061', 83, '形势与政策');
INSERT INTO `tb_gradeinfo_sub` VALUES ('1901', '大三', '201911019', '薛愿鑫', '2010062', 67.5, 'JAVA程序设计');
INSERT INTO `tb_gradeinfo_sub` VALUES ('1901', '大三', '201911019', '薛愿鑫', '2010090', 62, '单片机系统及应用');
INSERT INTO `tb_gradeinfo_sub` VALUES ('1901', '大三', '201911019', '薛愿鑫', '2010190', 64, '软件工程导论');
INSERT INTO `tb_gradeinfo_sub` VALUES ('1901', '大三', '201911019', '薛愿鑫', '4115420', 97.53, '漫画艺术欣赏与创作');
INSERT INTO `tb_gradeinfo_sub` VALUES ('1901', '大三', '201911020', '贺卓', '1050040', 79, '综合英语（四）');
INSERT INTO `tb_gradeinfo_sub` VALUES ('1901', '大三', '201911020', '贺卓', '1080026', 80, '健美操（二）');
INSERT INTO `tb_gradeinfo_sub` VALUES ('1901', '大三', '201911020', '贺卓', '1100033', 80, '毛泽东思想和中国特色社会主义理论体系概论');
INSERT INTO `tb_gradeinfo_sub` VALUES ('1901', '大三', '201911020', '贺卓', '1100061', 85, '形势与政策');
INSERT INTO `tb_gradeinfo_sub` VALUES ('1901', '大三', '201911020', '贺卓', '2010062', 93, 'JAVA程序设计');
INSERT INTO `tb_gradeinfo_sub` VALUES ('1901', '大三', '201911020', '贺卓', '2010090', 77, '单片机系统及应用');
INSERT INTO `tb_gradeinfo_sub` VALUES ('1901', '大三', '201911020', '贺卓', '2010190', 91, '软件工程导论');
INSERT INTO `tb_gradeinfo_sub` VALUES ('1901', '大三', '201911020', '贺卓', '4115420', 99.4, '漫画艺术欣赏与创作');
INSERT INTO `tb_gradeinfo_sub` VALUES ('1901', '大三', '201911021', '任杰', '1050040', 80, '综合英语（四）');
INSERT INTO `tb_gradeinfo_sub` VALUES ('1901', '大三', '201911021', '任杰', '1080029', 86, '武术（二）');
INSERT INTO `tb_gradeinfo_sub` VALUES ('1901', '大三', '201911021', '任杰', '1100033', 37, '毛泽东思想和中国特色社会主义理论体系概论');
INSERT INTO `tb_gradeinfo_sub` VALUES ('1901', '大三', '201911021', '任杰', '1100061', 80, '形势与政策');
INSERT INTO `tb_gradeinfo_sub` VALUES ('1901', '大三', '201911021', '任杰', '2010062', 69, 'JAVA程序设计');
INSERT INTO `tb_gradeinfo_sub` VALUES ('1901', '大三', '201911021', '任杰', '2010090', 48, '单片机系统及应用');
INSERT INTO `tb_gradeinfo_sub` VALUES ('1901', '大三', '201911021', '任杰', '2010190', 76, '软件工程导论');
INSERT INTO `tb_gradeinfo_sub` VALUES ('1901', '大三', '201911021', '任杰', '4115460', 97.84, '石文化与宝石鉴赏');
INSERT INTO `tb_gradeinfo_sub` VALUES ('1901', '大三', '201911021', '任杰', '4115470', 97.91, '舌尖上的植物学');
INSERT INTO `tb_gradeinfo_sub` VALUES ('1901', '大三', '201911022', '李坤鹏', '1050040', 72, '综合英语（四）');
INSERT INTO `tb_gradeinfo_sub` VALUES ('1901', '大三', '201911022', '李坤鹏', '1080027', 100, '排球（二）');
INSERT INTO `tb_gradeinfo_sub` VALUES ('1901', '大三', '201911022', '李坤鹏', '1100033', 76, '毛泽东思想和中国特色社会主义理论体系概论');
INSERT INTO `tb_gradeinfo_sub` VALUES ('1901', '大三', '201911022', '李坤鹏', '1100061', 82, '形势与政策');
INSERT INTO `tb_gradeinfo_sub` VALUES ('1901', '大三', '201911022', '李坤鹏', '2010062', 96, 'JAVA程序设计');
INSERT INTO `tb_gradeinfo_sub` VALUES ('1901', '大三', '201911022', '李坤鹏', '2010090', 85, '单片机系统及应用');
INSERT INTO `tb_gradeinfo_sub` VALUES ('1901', '大三', '201911022', '李坤鹏', '2010190', 84, '软件工程导论');
INSERT INTO `tb_gradeinfo_sub` VALUES ('1901', '大三', '201911022', '李坤鹏', '4115420', 98.37, '漫画艺术欣赏与创作');
INSERT INTO `tb_gradeinfo_sub` VALUES ('1901', '大三', '201911024', '张融宇', '1050040', 73, '综合英语（四）');
INSERT INTO `tb_gradeinfo_sub` VALUES ('1901', '大三', '201911024', '张融宇', '1070070', 77, '高等数学A（三）');
INSERT INTO `tb_gradeinfo_sub` VALUES ('1901', '大三', '201911024', '张融宇', '1080024', 88, '乒乓球（二）');
INSERT INTO `tb_gradeinfo_sub` VALUES ('1901', '大三', '201911024', '张融宇', '1100033', 48, '毛泽东思想和中国特色社会主义理论体系概论');
INSERT INTO `tb_gradeinfo_sub` VALUES ('1901', '大三', '201911024', '张融宇', '1100061', 82, '形势与政策');
INSERT INTO `tb_gradeinfo_sub` VALUES ('1901', '大三', '201911024', '张融宇', '2010062', 71, 'JAVA程序设计');
INSERT INTO `tb_gradeinfo_sub` VALUES ('1901', '大三', '201911024', '张融宇', '2010090', 63, '单片机系统及应用');
INSERT INTO `tb_gradeinfo_sub` VALUES ('1901', '大三', '201911024', '张融宇', '2010190', 63, '软件工程导论');
INSERT INTO `tb_gradeinfo_sub` VALUES ('1901', '大三', '201911024', '张融宇', '4115420', 97.17, '漫画艺术欣赏与创作');
INSERT INTO `tb_gradeinfo_sub` VALUES ('1901', '大三', '201911025', '陈思烨', '1050040', 60, '综合英语（四）');
INSERT INTO `tb_gradeinfo_sub` VALUES ('1901', '大三', '201911025', '陈思烨', '1080021', 89, '篮球（二）');
INSERT INTO `tb_gradeinfo_sub` VALUES ('1901', '大三', '201911025', '陈思烨', '1100033', 74, '毛泽东思想和中国特色社会主义理论体系概论');
INSERT INTO `tb_gradeinfo_sub` VALUES ('1901', '大三', '201911025', '陈思烨', '1100061', 85, '形势与政策');
INSERT INTO `tb_gradeinfo_sub` VALUES ('1901', '大三', '201911025', '陈思烨', '2010062', 84, 'JAVA程序设计');
INSERT INTO `tb_gradeinfo_sub` VALUES ('1901', '大三', '201911025', '陈思烨', '2010090', 64.5, '单片机系统及应用');
INSERT INTO `tb_gradeinfo_sub` VALUES ('1901', '大三', '201911025', '陈思烨', '2010190', 79, '软件工程导论');
INSERT INTO `tb_gradeinfo_sub` VALUES ('1901', '大三', '201911025', '陈思烨', '4115420', 96.22, '漫画艺术欣赏与创作');
INSERT INTO `tb_gradeinfo_sub` VALUES ('1901', '大三', '201911026', '朱文婧', '1050040', 72, '综合英语（四）');
INSERT INTO `tb_gradeinfo_sub` VALUES ('1901', '大三', '201911026', '朱文婧', '1080024', 83, '乒乓球（二）');
INSERT INTO `tb_gradeinfo_sub` VALUES ('1901', '大三', '201911026', '朱文婧', '1100033', 88, '毛泽东思想和中国特色社会主义理论体系概论');
INSERT INTO `tb_gradeinfo_sub` VALUES ('1901', '大三', '201911026', '朱文婧', '1100061', 83, '形势与政策');
INSERT INTO `tb_gradeinfo_sub` VALUES ('1901', '大三', '201911026', '朱文婧', '2010062', 87, 'JAVA程序设计');
INSERT INTO `tb_gradeinfo_sub` VALUES ('1901', '大三', '201911026', '朱文婧', '2010090', 72, '单片机系统及应用');
INSERT INTO `tb_gradeinfo_sub` VALUES ('1901', '大三', '201911026', '朱文婧', '2010190', 80, '软件工程导论');
INSERT INTO `tb_gradeinfo_sub` VALUES ('1901', '大三', '201911026', '朱文婧', '4115420', 96.36, '漫画艺术欣赏与创作');
INSERT INTO `tb_gradeinfo_sub` VALUES ('1901', '大三', '201911028', '陆梓铭', '1050040', 67, '综合英语（四）');
INSERT INTO `tb_gradeinfo_sub` VALUES ('1901', '大三', '201911028', '陆梓铭', '1080027', 100, '排球（二）');
INSERT INTO `tb_gradeinfo_sub` VALUES ('1901', '大三', '201911028', '陆梓铭', '1100033', 81, '毛泽东思想和中国特色社会主义理论体系概论');
INSERT INTO `tb_gradeinfo_sub` VALUES ('1901', '大三', '201911028', '陆梓铭', '1100061', 82, '形势与政策');
INSERT INTO `tb_gradeinfo_sub` VALUES ('1901', '大三', '201911028', '陆梓铭', '2010062', 86, 'JAVA程序设计');
INSERT INTO `tb_gradeinfo_sub` VALUES ('1901', '大三', '201911028', '陆梓铭', '2010090', 71, '单片机系统及应用');
INSERT INTO `tb_gradeinfo_sub` VALUES ('1901', '大三', '201911028', '陆梓铭', '2010190', 60, '软件工程导论');
INSERT INTO `tb_gradeinfo_sub` VALUES ('1901', '大三', '201911028', '陆梓铭', '4115420', 87.71, '漫画艺术欣赏与创作');
INSERT INTO `tb_gradeinfo_sub` VALUES ('1901', '大三', '201911029', '佘俊霖', '1050040', 70, '综合英语（四）');
INSERT INTO `tb_gradeinfo_sub` VALUES ('1901', '大三', '201911029', '佘俊霖', '1070040', 73, '概率论与数理统计A');
INSERT INTO `tb_gradeinfo_sub` VALUES ('1901', '大三', '201911029', '佘俊霖', '1080024', 80, '乒乓球（二）');
INSERT INTO `tb_gradeinfo_sub` VALUES ('1901', '大三', '201911029', '佘俊霖', '1100033', 77, '毛泽东思想和中国特色社会主义理论体系概论');
INSERT INTO `tb_gradeinfo_sub` VALUES ('1901', '大三', '201911029', '佘俊霖', '1100061', 83, '形势与政策');
INSERT INTO `tb_gradeinfo_sub` VALUES ('1901', '大三', '201911029', '佘俊霖', '2010062', 76, 'JAVA程序设计');
INSERT INTO `tb_gradeinfo_sub` VALUES ('1901', '大三', '201911029', '佘俊霖', '2010090', 62, '单片机系统及应用');
INSERT INTO `tb_gradeinfo_sub` VALUES ('1901', '大三', '201911029', '佘俊霖', '2010190', 72, '软件工程导论');
INSERT INTO `tb_gradeinfo_sub` VALUES ('1901', '大三', '201911029', '佘俊霖', '4115420', 80.89, '漫画艺术欣赏与创作');
INSERT INTO `tb_gradeinfo_sub` VALUES ('1901', '大三', '201911030', '陶泊文', '1050040', 70, '综合英语（四）');
INSERT INTO `tb_gradeinfo_sub` VALUES ('1901', '大三', '201911030', '陶泊文', '1070070', 89, '高等数学A（三）');
INSERT INTO `tb_gradeinfo_sub` VALUES ('1901', '大三', '201911030', '陶泊文', '1080024', 80, '乒乓球（二）');
INSERT INTO `tb_gradeinfo_sub` VALUES ('1901', '大三', '201911030', '陶泊文', '1100033', 83, '毛泽东思想和中国特色社会主义理论体系概论');
INSERT INTO `tb_gradeinfo_sub` VALUES ('1901', '大三', '201911030', '陶泊文', '1100061', 83, '形势与政策');
INSERT INTO `tb_gradeinfo_sub` VALUES ('1901', '大三', '201911030', '陶泊文', '2010062', 87, 'JAVA程序设计');
INSERT INTO `tb_gradeinfo_sub` VALUES ('1901', '大三', '201911030', '陶泊文', '2010090', 74, '单片机系统及应用');
INSERT INTO `tb_gradeinfo_sub` VALUES ('1901', '大三', '201911030', '陶泊文', '2010190', 81, '软件工程导论');
INSERT INTO `tb_gradeinfo_sub` VALUES ('1901', '大三', '201911031', '刘洋', '1050040', 78, '综合英语（四）');
INSERT INTO `tb_gradeinfo_sub` VALUES ('1901', '大三', '201911031', '刘洋', '1080024', 80, '乒乓球（二）');
INSERT INTO `tb_gradeinfo_sub` VALUES ('1901', '大三', '201911031', '刘洋', '1100033', 71, '毛泽东思想和中国特色社会主义理论体系概论');
INSERT INTO `tb_gradeinfo_sub` VALUES ('1901', '大三', '201911031', '刘洋', '1100061', 80, '形势与政策');
INSERT INTO `tb_gradeinfo_sub` VALUES ('1901', '大三', '201911031', '刘洋', '2010062', 90, 'JAVA程序设计');
INSERT INTO `tb_gradeinfo_sub` VALUES ('1901', '大三', '201911031', '刘洋', '2010090', 82, '单片机系统及应用');
INSERT INTO `tb_gradeinfo_sub` VALUES ('1901', '大三', '201911031', '刘洋', '2010190', 77, '软件工程导论');
INSERT INTO `tb_gradeinfo_sub` VALUES ('1902', '大三', '201911033', '赵志文', '1050040', 80, '综合英语（四）');
INSERT INTO `tb_gradeinfo_sub` VALUES ('1902', '大三', '201911033', '赵志文', '1080027', 98, '排球（二）');
INSERT INTO `tb_gradeinfo_sub` VALUES ('1902', '大三', '201911033', '赵志文', '1100033', 86.5, '毛泽东思想和中国特色社会主义理论体系概论');
INSERT INTO `tb_gradeinfo_sub` VALUES ('1902', '大三', '201911033', '赵志文', '1100061', 82, '形势与政策');
INSERT INTO `tb_gradeinfo_sub` VALUES ('1902', '大三', '201911033', '赵志文', '2010062', 98, 'JAVA程序设计');
INSERT INTO `tb_gradeinfo_sub` VALUES ('1902', '大三', '201911033', '赵志文', '2010090', 90, '单片机系统及应用');
INSERT INTO `tb_gradeinfo_sub` VALUES ('1902', '大三', '201911033', '赵志文', '2010190', 96, '软件工程导论');
INSERT INTO `tb_gradeinfo_sub` VALUES ('1902', '大三', '201911033', '赵志文', '4115420', 84.19, '漫画艺术欣赏与创作');
INSERT INTO `tb_gradeinfo_sub` VALUES ('1902', '大三', '201911033', '赵志文', '4115440', 87.31, '清代八旗制度');
INSERT INTO `tb_gradeinfo_sub` VALUES ('1902', '大三', '201911033', '赵志文', '4115470', 90.33, '舌尖上的植物学');
INSERT INTO `tb_gradeinfo_sub` VALUES ('1902', '大三', '201911034', '肖敬', '1050040', 73, '综合英语（四）');
INSERT INTO `tb_gradeinfo_sub` VALUES ('1902', '大三', '201911034', '肖敬', '1080021', 76, '篮球（二）');
INSERT INTO `tb_gradeinfo_sub` VALUES ('1902', '大三', '201911034', '肖敬', '1100033', 68, '毛泽东思想和中国特色社会主义理论体系概论');
INSERT INTO `tb_gradeinfo_sub` VALUES ('1902', '大三', '201911034', '肖敬', '1100061', 82, '形势与政策');
INSERT INTO `tb_gradeinfo_sub` VALUES ('1902', '大三', '201911034', '肖敬', '2010062', 58, 'JAVA程序设计');
INSERT INTO `tb_gradeinfo_sub` VALUES ('1902', '大三', '201911034', '肖敬', '2010090', 78, '单片机系统及应用');
INSERT INTO `tb_gradeinfo_sub` VALUES ('1902', '大三', '201911034', '肖敬', '2010190', 76.5, '软件工程导论');
INSERT INTO `tb_gradeinfo_sub` VALUES ('1902', '大三', '201911034', '肖敬', '4115420', 96.75, '漫画艺术欣赏与创作');
INSERT INTO `tb_gradeinfo_sub` VALUES ('1902', '大三', '201911035', '杨澳', '1050040', 68, '综合英语（四）');
INSERT INTO `tb_gradeinfo_sub` VALUES ('1902', '大三', '201911035', '杨澳', '1080024', 93, '乒乓球（二）');
INSERT INTO `tb_gradeinfo_sub` VALUES ('1902', '大三', '201911035', '杨澳', '1100033', 82, '毛泽东思想和中国特色社会主义理论体系概论');
INSERT INTO `tb_gradeinfo_sub` VALUES ('1902', '大三', '201911035', '杨澳', '1100061', 82, '形势与政策');
INSERT INTO `tb_gradeinfo_sub` VALUES ('1902', '大三', '201911035', '杨澳', '2010062', 95, 'JAVA程序设计');
INSERT INTO `tb_gradeinfo_sub` VALUES ('1902', '大三', '201911035', '杨澳', '2010090', 86, '单片机系统及应用');
INSERT INTO `tb_gradeinfo_sub` VALUES ('1902', '大三', '201911035', '杨澳', '2010190', 88, '软件工程导论');
INSERT INTO `tb_gradeinfo_sub` VALUES ('1902', '大三', '201911035', '杨澳', '4115420', 99.26, '漫画艺术欣赏与创作');
INSERT INTO `tb_gradeinfo_sub` VALUES ('1902', '大三', '201911036', '骆子萌', '1050040', 70, '综合英语（四）');
INSERT INTO `tb_gradeinfo_sub` VALUES ('1902', '大三', '201911036', '骆子萌', '1080029', 85, '武术（二）');
INSERT INTO `tb_gradeinfo_sub` VALUES ('1902', '大三', '201911036', '骆子萌', '1100033', 86, '毛泽东思想和中国特色社会主义理论体系概论');
INSERT INTO `tb_gradeinfo_sub` VALUES ('1902', '大三', '201911036', '骆子萌', '1100061', 85, '形势与政策');
INSERT INTO `tb_gradeinfo_sub` VALUES ('1902', '大三', '201911036', '骆子萌', '2010062', 88, 'JAVA程序设计');
INSERT INTO `tb_gradeinfo_sub` VALUES ('1902', '大三', '201911036', '骆子萌', '2010090', 76, '单片机系统及应用');
INSERT INTO `tb_gradeinfo_sub` VALUES ('1902', '大三', '201911036', '骆子萌', '2010190', 76, '软件工程导论');
INSERT INTO `tb_gradeinfo_sub` VALUES ('1902', '大三', '201911036', '骆子萌', '4115420', 98.38, '漫画艺术欣赏与创作');
INSERT INTO `tb_gradeinfo_sub` VALUES ('1902', '大三', '201911037', '邱小易鹭', '1050040', 81, '综合英语（四）');
INSERT INTO `tb_gradeinfo_sub` VALUES ('1902', '大三', '201911037', '邱小易鹭', '1080029', 83, '武术（二）');
INSERT INTO `tb_gradeinfo_sub` VALUES ('1902', '大三', '201911037', '邱小易鹭', '1100033', 55, '毛泽东思想和中国特色社会主义理论体系概论');
INSERT INTO `tb_gradeinfo_sub` VALUES ('1902', '大三', '201911037', '邱小易鹭', '1100061', 80, '形势与政策');
INSERT INTO `tb_gradeinfo_sub` VALUES ('1902', '大三', '201911037', '邱小易鹭', '2010062', 68, 'JAVA程序设计');
INSERT INTO `tb_gradeinfo_sub` VALUES ('1902', '大三', '201911037', '邱小易鹭', '2010090', 67, '单片机系统及应用');
INSERT INTO `tb_gradeinfo_sub` VALUES ('1902', '大三', '201911037', '邱小易鹭', '2010190', 74, '软件工程导论');
INSERT INTO `tb_gradeinfo_sub` VALUES ('1902', '大三', '201911037', '邱小易鹭', '4115420', 0, '漫画艺术欣赏与创作');
INSERT INTO `tb_gradeinfo_sub` VALUES ('1902', '大三', '201911037', '邱小易鹭', '4115460', 75.22, '石文化与宝石鉴赏');
INSERT INTO `tb_gradeinfo_sub` VALUES ('1902', '大三', '201911038', '刘博文', '1050040', 78, '综合英语（四）');
INSERT INTO `tb_gradeinfo_sub` VALUES ('1902', '大三', '201911038', '刘博文', '1080024', 80, '乒乓球（二）');
INSERT INTO `tb_gradeinfo_sub` VALUES ('1902', '大三', '201911038', '刘博文', '1100033', 82, '毛泽东思想和中国特色社会主义理论体系概论');
INSERT INTO `tb_gradeinfo_sub` VALUES ('1902', '大三', '201911038', '刘博文', '1100061', 80, '形势与政策');
INSERT INTO `tb_gradeinfo_sub` VALUES ('1902', '大三', '201911038', '刘博文', '2010062', 86, 'JAVA程序设计');
INSERT INTO `tb_gradeinfo_sub` VALUES ('1902', '大三', '201911038', '刘博文', '2010090', 72.5, '单片机系统及应用');
INSERT INTO `tb_gradeinfo_sub` VALUES ('1902', '大三', '201911038', '刘博文', '2010190', 86, '软件工程导论');
INSERT INTO `tb_gradeinfo_sub` VALUES ('1902', '大三', '201911038', '刘博文', '4030040', 70, '劳动法');
INSERT INTO `tb_gradeinfo_sub` VALUES ('1902', '大三', '201911038', '刘博文', '4115420', 93.21, '漫画艺术欣赏与创作');
INSERT INTO `tb_gradeinfo_sub` VALUES ('1902', '大三', '201911039', '何书锐', '1050040', 70, '综合英语（四）');
INSERT INTO `tb_gradeinfo_sub` VALUES ('1902', '大三', '201911039', '何书锐', '1080027', 100, '排球（二）');
INSERT INTO `tb_gradeinfo_sub` VALUES ('1902', '大三', '201911039', '何书锐', '1100033', 70, '毛泽东思想和中国特色社会主义理论体系概论');
INSERT INTO `tb_gradeinfo_sub` VALUES ('1902', '大三', '201911039', '何书锐', '1100061', 82, '形势与政策');
INSERT INTO `tb_gradeinfo_sub` VALUES ('1902', '大三', '201911039', '何书锐', '2010062', 73, 'JAVA程序设计');
INSERT INTO `tb_gradeinfo_sub` VALUES ('1902', '大三', '201911039', '何书锐', '2010090', 76.5, '单片机系统及应用');
INSERT INTO `tb_gradeinfo_sub` VALUES ('1902', '大三', '201911039', '何书锐', '2010190', 82, '软件工程导论');
INSERT INTO `tb_gradeinfo_sub` VALUES ('1902', '大三', '201911039', '何书锐', '4115440', 68.67, '清代八旗制度');
INSERT INTO `tb_gradeinfo_sub` VALUES ('1902', '大三', '201911039', '何书锐', '4115460', 65.59, '石文化与宝石鉴赏');
INSERT INTO `tb_gradeinfo_sub` VALUES ('1902', '大三', '201911041', '刘浩楠', '1050040', 69, '综合英语（四）');
INSERT INTO `tb_gradeinfo_sub` VALUES ('1902', '大三', '201911041', '刘浩楠', '1080024', 80, '乒乓球（二）');
INSERT INTO `tb_gradeinfo_sub` VALUES ('1902', '大三', '201911041', '刘浩楠', '1100033', 76, '毛泽东思想和中国特色社会主义理论体系概论');
INSERT INTO `tb_gradeinfo_sub` VALUES ('1902', '大三', '201911041', '刘浩楠', '1100061', 84, '形势与政策');
INSERT INTO `tb_gradeinfo_sub` VALUES ('1902', '大三', '201911041', '刘浩楠', '2010062', 78, 'JAVA程序设计');
INSERT INTO `tb_gradeinfo_sub` VALUES ('1902', '大三', '201911041', '刘浩楠', '2010090', 76, '单片机系统及应用');
INSERT INTO `tb_gradeinfo_sub` VALUES ('1902', '大三', '201911041', '刘浩楠', '2010190', 73, '软件工程导论');
INSERT INTO `tb_gradeinfo_sub` VALUES ('1902', '大三', '201911041', '刘浩楠', '4115300', 84.44, '网络创业理论与实践');
INSERT INTO `tb_gradeinfo_sub` VALUES ('1902', '大三', '201911041', '刘浩楠', '4115420', 81.02, '漫画艺术欣赏与创作');
INSERT INTO `tb_gradeinfo_sub` VALUES ('1902', '大三', '201911042', '王文博', '1050040', 66, '综合英语（四）');
INSERT INTO `tb_gradeinfo_sub` VALUES ('1902', '大三', '201911042', '王文博', '1080024', 90, '乒乓球（二）');
INSERT INTO `tb_gradeinfo_sub` VALUES ('1902', '大三', '201911042', '王文博', '1100033', 64, '毛泽东思想和中国特色社会主义理论体系概论');
INSERT INTO `tb_gradeinfo_sub` VALUES ('1902', '大三', '201911042', '王文博', '1100061', 82, '形势与政策');
INSERT INTO `tb_gradeinfo_sub` VALUES ('1902', '大三', '201911042', '王文博', '2010062', 80, 'JAVA程序设计');
INSERT INTO `tb_gradeinfo_sub` VALUES ('1902', '大三', '201911042', '王文博', '2010090', 62, '单片机系统及应用');
INSERT INTO `tb_gradeinfo_sub` VALUES ('1902', '大三', '201911042', '王文博', '2010190', 61, '软件工程导论');
INSERT INTO `tb_gradeinfo_sub` VALUES ('1902', '大三', '201911042', '王文博', '4115420', 94.23, '漫画艺术欣赏与创作');
INSERT INTO `tb_gradeinfo_sub` VALUES ('1902', '大三', '201911043', '邵世新', '1050040', 71, '综合英语（四）');
INSERT INTO `tb_gradeinfo_sub` VALUES ('1902', '大三', '201911043', '邵世新', '1080024', 85, '乒乓球（二）');
INSERT INTO `tb_gradeinfo_sub` VALUES ('1902', '大三', '201911043', '邵世新', '1100033', 77, '毛泽东思想和中国特色社会主义理论体系概论');
INSERT INTO `tb_gradeinfo_sub` VALUES ('1902', '大三', '201911043', '邵世新', '1100061', 80, '形势与政策');
INSERT INTO `tb_gradeinfo_sub` VALUES ('1902', '大三', '201911043', '邵世新', '2010062', 72, 'JAVA程序设计');
INSERT INTO `tb_gradeinfo_sub` VALUES ('1902', '大三', '201911043', '邵世新', '2010090', 72, '单片机系统及应用');
INSERT INTO `tb_gradeinfo_sub` VALUES ('1902', '大三', '201911043', '邵世新', '2010190', 81, '软件工程导论');
INSERT INTO `tb_gradeinfo_sub` VALUES ('1902', '大三', '201911043', '邵世新', '4030040', 72, '劳动法');
INSERT INTO `tb_gradeinfo_sub` VALUES ('1902', '大三', '201911043', '邵世新', '4115420', 94.26, '漫画艺术欣赏与创作');
INSERT INTO `tb_gradeinfo_sub` VALUES ('1902', '大三', '201911044', '古云飞', '1050040', 76, '综合英语（四）');
INSERT INTO `tb_gradeinfo_sub` VALUES ('1902', '大三', '201911044', '古云飞', '1080022', 88, '足球（二）');
INSERT INTO `tb_gradeinfo_sub` VALUES ('1902', '大三', '201911044', '古云飞', '1100033', 63, '毛泽东思想和中国特色社会主义理论体系概论');
INSERT INTO `tb_gradeinfo_sub` VALUES ('1902', '大三', '201911044', '古云飞', '1100061', 80, '形势与政策');
INSERT INTO `tb_gradeinfo_sub` VALUES ('1902', '大三', '201911044', '古云飞', '2010062', 78, 'JAVA程序设计');
INSERT INTO `tb_gradeinfo_sub` VALUES ('1902', '大三', '201911044', '古云飞', '2010090', 77, '单片机系统及应用');
INSERT INTO `tb_gradeinfo_sub` VALUES ('1902', '大三', '201911044', '古云飞', '2010190', 62, '软件工程导论');
INSERT INTO `tb_gradeinfo_sub` VALUES ('1902', '大三', '201911044', '古云飞', '3057011', 78, '初级日语（一）');
INSERT INTO `tb_gradeinfo_sub` VALUES ('1902', '大三', '201911044', '古云飞', '4115300', 0, '网络创业理论与实践');
INSERT INTO `tb_gradeinfo_sub` VALUES ('1902', '大三', '201911044', '古云飞', '4115420', 83.66, '漫画艺术欣赏与创作');
INSERT INTO `tb_gradeinfo_sub` VALUES ('1902', '大三', '201911044', '古云飞', '4115450', 83.31, '微表情识别：读脸读心');
INSERT INTO `tb_gradeinfo_sub` VALUES ('1902', '大三', '201911045', '路文广', '1050040', 80, '综合英语（四）');
INSERT INTO `tb_gradeinfo_sub` VALUES ('1902', '大三', '201911045', '路文广', '1080024', 90, '乒乓球（二）');
INSERT INTO `tb_gradeinfo_sub` VALUES ('1902', '大三', '201911045', '路文广', '1100033', 80, '毛泽东思想和中国特色社会主义理论体系概论');
INSERT INTO `tb_gradeinfo_sub` VALUES ('1902', '大三', '201911045', '路文广', '1100061', 82, '形势与政策');
INSERT INTO `tb_gradeinfo_sub` VALUES ('1902', '大三', '201911045', '路文广', '2010062', 65, 'JAVA程序设计');
INSERT INTO `tb_gradeinfo_sub` VALUES ('1902', '大三', '201911045', '路文广', '2010090', 74.5, '单片机系统及应用');
INSERT INTO `tb_gradeinfo_sub` VALUES ('1902', '大三', '201911045', '路文广', '2010190', 76, '软件工程导论');
INSERT INTO `tb_gradeinfo_sub` VALUES ('1902', '大三', '201911045', '路文广', '4115420', 98.97, '漫画艺术欣赏与创作');
INSERT INTO `tb_gradeinfo_sub` VALUES ('1902', '大三', '201911046', '余喜悦', '1050040', 80.5, '综合英语（四）');
INSERT INTO `tb_gradeinfo_sub` VALUES ('1902', '大三', '201911046', '余喜悦', '1080027', 100, '排球（二）');
INSERT INTO `tb_gradeinfo_sub` VALUES ('1902', '大三', '201911046', '余喜悦', '1100033', 82, '毛泽东思想和中国特色社会主义理论体系概论');
INSERT INTO `tb_gradeinfo_sub` VALUES ('1902', '大三', '201911046', '余喜悦', '1100061', 80, '形势与政策');
INSERT INTO `tb_gradeinfo_sub` VALUES ('1902', '大三', '201911046', '余喜悦', '2010062', 90, 'JAVA程序设计');
INSERT INTO `tb_gradeinfo_sub` VALUES ('1902', '大三', '201911046', '余喜悦', '2010090', 82, '单片机系统及应用');
INSERT INTO `tb_gradeinfo_sub` VALUES ('1902', '大三', '201911046', '余喜悦', '2010190', 87, '软件工程导论');
INSERT INTO `tb_gradeinfo_sub` VALUES ('1902', '大三', '201911046', '余喜悦', '4115420', 83.36, '漫画艺术欣赏与创作');
INSERT INTO `tb_gradeinfo_sub` VALUES ('1902', '大三', '201911047', '程时超', '1050040', 76, '综合英语（四）');
INSERT INTO `tb_gradeinfo_sub` VALUES ('1902', '大三', '201911047', '程时超', '1080024', 90, '乒乓球（二）');
INSERT INTO `tb_gradeinfo_sub` VALUES ('1902', '大三', '201911047', '程时超', '1100033', 78, '毛泽东思想和中国特色社会主义理论体系概论');
INSERT INTO `tb_gradeinfo_sub` VALUES ('1902', '大三', '201911047', '程时超', '1100061', 80, '形势与政策');
INSERT INTO `tb_gradeinfo_sub` VALUES ('1902', '大三', '201911047', '程时超', '2010062', 93, 'JAVA程序设计');
INSERT INTO `tb_gradeinfo_sub` VALUES ('1902', '大三', '201911047', '程时超', '2010090', 83, '单片机系统及应用');
INSERT INTO `tb_gradeinfo_sub` VALUES ('1902', '大三', '201911047', '程时超', '2010190', 86, '软件工程导论');
INSERT INTO `tb_gradeinfo_sub` VALUES ('1902', '大三', '201911047', '程时超', '4030290', 66, '专利法');
INSERT INTO `tb_gradeinfo_sub` VALUES ('1902', '大三', '201911047', '程时超', '4115420', 95.48, '漫画艺术欣赏与创作');
INSERT INTO `tb_gradeinfo_sub` VALUES ('1902', '大三', '201911048', '王天钰', '1050040', 69, '综合英语（四）');
INSERT INTO `tb_gradeinfo_sub` VALUES ('1902', '大三', '201911048', '王天钰', '1080024', 90, '乒乓球（二）');
INSERT INTO `tb_gradeinfo_sub` VALUES ('1902', '大三', '201911048', '王天钰', '1100033', 83, '毛泽东思想和中国特色社会主义理论体系概论');
INSERT INTO `tb_gradeinfo_sub` VALUES ('1902', '大三', '201911048', '王天钰', '1100061', 85, '形势与政策');
INSERT INTO `tb_gradeinfo_sub` VALUES ('1902', '大三', '201911048', '王天钰', '2010062', 82, 'JAVA程序设计');
INSERT INTO `tb_gradeinfo_sub` VALUES ('1902', '大三', '201911048', '王天钰', '2010090', 73, '单片机系统及应用');
INSERT INTO `tb_gradeinfo_sub` VALUES ('1902', '大三', '201911048', '王天钰', '2010190', 83, '软件工程导论');
INSERT INTO `tb_gradeinfo_sub` VALUES ('1902', '大三', '201911048', '王天钰', '3057021', 56, '初级日语（二）');
INSERT INTO `tb_gradeinfo_sub` VALUES ('1902', '大三', '201911048', '王天钰', '4115420', 99.71, '漫画艺术欣赏与创作');
INSERT INTO `tb_gradeinfo_sub` VALUES ('1902', '大三', '201911049', '可闯', '1050040', 77, '综合英语（四）');
INSERT INTO `tb_gradeinfo_sub` VALUES ('1902', '大三', '201911049', '可闯', '1080024', 80, '乒乓球（二）');
INSERT INTO `tb_gradeinfo_sub` VALUES ('1902', '大三', '201911049', '可闯', '1100033', 71, '毛泽东思想和中国特色社会主义理论体系概论');
INSERT INTO `tb_gradeinfo_sub` VALUES ('1902', '大三', '201911049', '可闯', '1100061', 80, '形势与政策');
INSERT INTO `tb_gradeinfo_sub` VALUES ('1902', '大三', '201911049', '可闯', '2010062', 82, 'JAVA程序设计');
INSERT INTO `tb_gradeinfo_sub` VALUES ('1902', '大三', '201911049', '可闯', '2010090', 71, '单片机系统及应用');
INSERT INTO `tb_gradeinfo_sub` VALUES ('1902', '大三', '201911049', '可闯', '2010190', 72, '软件工程导论');
INSERT INTO `tb_gradeinfo_sub` VALUES ('1902', '大三', '201911049', '可闯', '4030040', 72, '劳动法');
INSERT INTO `tb_gradeinfo_sub` VALUES ('1902', '大三', '201911049', '可闯', '4115420', 96.55, '漫画艺术欣赏与创作');
INSERT INTO `tb_gradeinfo_sub` VALUES ('1902', '大三', '201911050', '王子坤', '1050040', 74, '综合英语（四）');
INSERT INTO `tb_gradeinfo_sub` VALUES ('1902', '大三', '201911050', '王子坤', '1080024', 80, '乒乓球（二）');
INSERT INTO `tb_gradeinfo_sub` VALUES ('1902', '大三', '201911050', '王子坤', '1100033', 84, '毛泽东思想和中国特色社会主义理论体系概论');
INSERT INTO `tb_gradeinfo_sub` VALUES ('1902', '大三', '201911050', '王子坤', '1100061', 80, '形势与政策');
INSERT INTO `tb_gradeinfo_sub` VALUES ('1902', '大三', '201911050', '王子坤', '2010062', 84, 'JAVA程序设计');
INSERT INTO `tb_gradeinfo_sub` VALUES ('1902', '大三', '201911050', '王子坤', '2010090', 73, '单片机系统及应用');
INSERT INTO `tb_gradeinfo_sub` VALUES ('1902', '大三', '201911050', '王子坤', '2010190', 79, '软件工程导论');
INSERT INTO `tb_gradeinfo_sub` VALUES ('1902', '大三', '201911050', '王子坤', '4030040', 66, '劳动法');
INSERT INTO `tb_gradeinfo_sub` VALUES ('1902', '大三', '201911050', '王子坤', '4115420', 93.01, '漫画艺术欣赏与创作');
INSERT INTO `tb_gradeinfo_sub` VALUES ('1902', '大三', '201911051', '冯团伟', '1050040', 69, '综合英语（四）');
INSERT INTO `tb_gradeinfo_sub` VALUES ('1902', '大三', '201911051', '冯团伟', '1070040', 74, '概率论与数理统计A');
INSERT INTO `tb_gradeinfo_sub` VALUES ('1902', '大三', '201911051', '冯团伟', '1080029', 85, '武术（二）');
INSERT INTO `tb_gradeinfo_sub` VALUES ('1902', '大三', '201911051', '冯团伟', '1100033', 78, '毛泽东思想和中国特色社会主义理论体系概论');
INSERT INTO `tb_gradeinfo_sub` VALUES ('1902', '大三', '201911051', '冯团伟', '1100061', 84, '形势与政策');
INSERT INTO `tb_gradeinfo_sub` VALUES ('1902', '大三', '201911051', '冯团伟', '2010062', 75, 'JAVA程序设计');
INSERT INTO `tb_gradeinfo_sub` VALUES ('1902', '大三', '201911051', '冯团伟', '2010090', 73, '单片机系统及应用');
INSERT INTO `tb_gradeinfo_sub` VALUES ('1902', '大三', '201911051', '冯团伟', '2010190', 52, '软件工程导论');
INSERT INTO `tb_gradeinfo_sub` VALUES ('1902', '大三', '201911051', '冯团伟', '4115420', 99.7, '漫画艺术欣赏与创作');
INSERT INTO `tb_gradeinfo_sub` VALUES ('1902', '大三', '201911052', '刘磊', '1050040', 72.5, '综合英语（四）');
INSERT INTO `tb_gradeinfo_sub` VALUES ('1902', '大三', '201911052', '刘磊', '1080024', 85, '乒乓球（二）');
INSERT INTO `tb_gradeinfo_sub` VALUES ('1902', '大三', '201911052', '刘磊', '1100033', 80, '毛泽东思想和中国特色社会主义理论体系概论');
INSERT INTO `tb_gradeinfo_sub` VALUES ('1902', '大三', '201911052', '刘磊', '1100061', 83, '形势与政策');
INSERT INTO `tb_gradeinfo_sub` VALUES ('1902', '大三', '201911052', '刘磊', '2010062', 79.5, 'JAVA程序设计');
INSERT INTO `tb_gradeinfo_sub` VALUES ('1902', '大三', '201911052', '刘磊', '2010090', 81, '单片机系统及应用');
INSERT INTO `tb_gradeinfo_sub` VALUES ('1902', '大三', '201911052', '刘磊', '2010190', 81, '软件工程导论');
INSERT INTO `tb_gradeinfo_sub` VALUES ('1902', '大三', '201911052', '刘磊', '4030040', 70, '劳动法');
INSERT INTO `tb_gradeinfo_sub` VALUES ('1902', '大三', '201911052', '刘磊', '4115420', 99.32, '漫画艺术欣赏与创作');
INSERT INTO `tb_gradeinfo_sub` VALUES ('1902', '大三', '201911053', '王浩屹', '1050040', 65, '综合英语（四）');
INSERT INTO `tb_gradeinfo_sub` VALUES ('1902', '大三', '201911053', '王浩屹', '1080024', 90, '乒乓球（二）');
INSERT INTO `tb_gradeinfo_sub` VALUES ('1902', '大三', '201911053', '王浩屹', '1100033', 71, '毛泽东思想和中国特色社会主义理论体系概论');
INSERT INTO `tb_gradeinfo_sub` VALUES ('1902', '大三', '201911053', '王浩屹', '1100061', 82, '形势与政策');
INSERT INTO `tb_gradeinfo_sub` VALUES ('1902', '大三', '201911053', '王浩屹', '2010062', 68, 'JAVA程序设计');
INSERT INTO `tb_gradeinfo_sub` VALUES ('1902', '大三', '201911053', '王浩屹', '2010090', 71, '单片机系统及应用');
INSERT INTO `tb_gradeinfo_sub` VALUES ('1902', '大三', '201911053', '王浩屹', '2010112', 57, '计算机网络');
INSERT INTO `tb_gradeinfo_sub` VALUES ('1902', '大三', '201911053', '王浩屹', '2010190', 77, '软件工程导论');
INSERT INTO `tb_gradeinfo_sub` VALUES ('1902', '大三', '201911053', '王浩屹', '4115420', 72.72, '漫画艺术欣赏与创作');
INSERT INTO `tb_gradeinfo_sub` VALUES ('1902', '大三', '201911054', '张静', '1050040', 85, '综合英语（四）');
INSERT INTO `tb_gradeinfo_sub` VALUES ('1902', '大三', '201911054', '张静', '1080024', 93, '乒乓球（二）');
INSERT INTO `tb_gradeinfo_sub` VALUES ('1902', '大三', '201911054', '张静', '1100033', 84, '毛泽东思想和中国特色社会主义理论体系概论');
INSERT INTO `tb_gradeinfo_sub` VALUES ('1902', '大三', '201911054', '张静', '1100061', 82, '形势与政策');
INSERT INTO `tb_gradeinfo_sub` VALUES ('1902', '大三', '201911054', '张静', '2010062', 83, 'JAVA程序设计');
INSERT INTO `tb_gradeinfo_sub` VALUES ('1902', '大三', '201911054', '张静', '2010090', 74, '单片机系统及应用');
INSERT INTO `tb_gradeinfo_sub` VALUES ('1902', '大三', '201911054', '张静', '2010190', 61, '软件工程导论');
INSERT INTO `tb_gradeinfo_sub` VALUES ('1902', '大三', '201911054', '张静', '4115420', 56.68, '漫画艺术欣赏与创作');
INSERT INTO `tb_gradeinfo_sub` VALUES ('1902', '大三', '201911054', '张静', '4115460', 98.45, '石文化与宝石鉴赏');
INSERT INTO `tb_gradeinfo_sub` VALUES ('1902', '大三', '201911056', '李元鈞', '1050040', 77, '综合英语（四）');
INSERT INTO `tb_gradeinfo_sub` VALUES ('1902', '大三', '201911056', '李元鈞', '1080027', 100, '排球（二）');
INSERT INTO `tb_gradeinfo_sub` VALUES ('1902', '大三', '201911056', '李元鈞', '1100033', 80, '毛泽东思想和中国特色社会主义理论体系概论');
INSERT INTO `tb_gradeinfo_sub` VALUES ('1902', '大三', '201911056', '李元鈞', '1100061', 82, '形势与政策');
INSERT INTO `tb_gradeinfo_sub` VALUES ('1902', '大三', '201911056', '李元鈞', '2010062', 92, 'JAVA程序设计');
INSERT INTO `tb_gradeinfo_sub` VALUES ('1902', '大三', '201911056', '李元鈞', '2010090', 77, '单片机系统及应用');
INSERT INTO `tb_gradeinfo_sub` VALUES ('1902', '大三', '201911056', '李元鈞', '2010190', 94, '软件工程导论');
INSERT INTO `tb_gradeinfo_sub` VALUES ('1902', '大三', '201911056', '李元鈞', '4115420', 82.45, '漫画艺术欣赏与创作');
INSERT INTO `tb_gradeinfo_sub` VALUES ('1902', '大三', '201911057', '王泓溢', '1050040', 73, '综合英语（四）');
INSERT INTO `tb_gradeinfo_sub` VALUES ('1902', '大三', '201911057', '王泓溢', '1080024', 85, '乒乓球（二）');
INSERT INTO `tb_gradeinfo_sub` VALUES ('1902', '大三', '201911057', '王泓溢', '1100033', 84, '毛泽东思想和中国特色社会主义理论体系概论');
INSERT INTO `tb_gradeinfo_sub` VALUES ('1902', '大三', '201911057', '王泓溢', '1100061', 84, '形势与政策');
INSERT INTO `tb_gradeinfo_sub` VALUES ('1902', '大三', '201911057', '王泓溢', '2010062', 81, 'JAVA程序设计');
INSERT INTO `tb_gradeinfo_sub` VALUES ('1902', '大三', '201911057', '王泓溢', '2010090', 78.5, '单片机系统及应用');
INSERT INTO `tb_gradeinfo_sub` VALUES ('1902', '大三', '201911057', '王泓溢', '2010190', 85, '软件工程导论');
INSERT INTO `tb_gradeinfo_sub` VALUES ('1902', '大三', '201911057', '王泓溢', '4030040', 67, '劳动法');
INSERT INTO `tb_gradeinfo_sub` VALUES ('1902', '大三', '201911057', '王泓溢', '4115420', 90.96, '漫画艺术欣赏与创作');
INSERT INTO `tb_gradeinfo_sub` VALUES ('1902', '大三', '201911058', '王泽霖', '1050040', 74, '综合英语（四）');
INSERT INTO `tb_gradeinfo_sub` VALUES ('1902', '大三', '201911058', '王泽霖', '1080027', 100, '排球（二）');
INSERT INTO `tb_gradeinfo_sub` VALUES ('1902', '大三', '201911058', '王泽霖', '1100033', 70, '毛泽东思想和中国特色社会主义理论体系概论');
INSERT INTO `tb_gradeinfo_sub` VALUES ('1902', '大三', '201911058', '王泽霖', '1100061', 78, '形势与政策');
INSERT INTO `tb_gradeinfo_sub` VALUES ('1902', '大三', '201911058', '王泽霖', '2010062', 75, 'JAVA程序设计');
INSERT INTO `tb_gradeinfo_sub` VALUES ('1902', '大三', '201911058', '王泽霖', '2010090', 78, '单片机系统及应用');
INSERT INTO `tb_gradeinfo_sub` VALUES ('1902', '大三', '201911058', '王泽霖', '2010190', 66, '软件工程导论');
INSERT INTO `tb_gradeinfo_sub` VALUES ('1902', '大三', '201911058', '王泽霖', '4115460', 99.36, '石文化与宝石鉴赏');
INSERT INTO `tb_gradeinfo_sub` VALUES ('1902', '大三', '201911059', '李昊', '1050040', 66, '综合英语（四）');
INSERT INTO `tb_gradeinfo_sub` VALUES ('1902', '大三', '201911059', '李昊', '1070040', 62, '概率论与数理统计A');
INSERT INTO `tb_gradeinfo_sub` VALUES ('1902', '大三', '201911059', '李昊', '1070070', 75.5, '高等数学A（三）');
INSERT INTO `tb_gradeinfo_sub` VALUES ('1902', '大三', '201911059', '李昊', '1080024', 85, '乒乓球（二）');
INSERT INTO `tb_gradeinfo_sub` VALUES ('1902', '大三', '201911059', '李昊', '1100033', 70, '毛泽东思想和中国特色社会主义理论体系概论');
INSERT INTO `tb_gradeinfo_sub` VALUES ('1902', '大三', '201911059', '李昊', '1100061', 80, '形势与政策');
INSERT INTO `tb_gradeinfo_sub` VALUES ('1902', '大三', '201911059', '李昊', '2010062', 40.5, 'JAVA程序设计');
INSERT INTO `tb_gradeinfo_sub` VALUES ('1902', '大三', '201911059', '李昊', '2010090', 46, '单片机系统及应用');
INSERT INTO `tb_gradeinfo_sub` VALUES ('1902', '大三', '201911059', '李昊', '2010112', 38, '计算机网络');
INSERT INTO `tb_gradeinfo_sub` VALUES ('1902', '大三', '201911059', '李昊', '2010190', 60, '软件工程导论');
INSERT INTO `tb_gradeinfo_sub` VALUES ('1902', '大三', '201911059', '李昊', '4115420', 85.02, '漫画艺术欣赏与创作');
INSERT INTO `tb_gradeinfo_sub` VALUES ('1902', '大三', '201911060', '周智艺', '1050040', 70, '综合英语（四）');
INSERT INTO `tb_gradeinfo_sub` VALUES ('1902', '大三', '201911060', '周智艺', '1080024', 85, '乒乓球（二）');
INSERT INTO `tb_gradeinfo_sub` VALUES ('1902', '大三', '201911060', '周智艺', '1100033', 81, '毛泽东思想和中国特色社会主义理论体系概论');
INSERT INTO `tb_gradeinfo_sub` VALUES ('1902', '大三', '201911060', '周智艺', '1100061', 82, '形势与政策');
INSERT INTO `tb_gradeinfo_sub` VALUES ('1902', '大三', '201911060', '周智艺', '2010062', 82, 'JAVA程序设计');
INSERT INTO `tb_gradeinfo_sub` VALUES ('1902', '大三', '201911060', '周智艺', '2010090', 68, '单片机系统及应用');
INSERT INTO `tb_gradeinfo_sub` VALUES ('1902', '大三', '201911060', '周智艺', '2010190', 72, '软件工程导论');
INSERT INTO `tb_gradeinfo_sub` VALUES ('1902', '大三', '201911060', '周智艺', '4115420', 83.02, '漫画艺术欣赏与创作');
INSERT INTO `tb_gradeinfo_sub` VALUES ('1902', '大三', '201911061', '周子豪', '1050040', 73.5, '综合英语（四）');
INSERT INTO `tb_gradeinfo_sub` VALUES ('1902', '大三', '201911061', '周子豪', '1070040', 86, '概率论与数理统计A');
INSERT INTO `tb_gradeinfo_sub` VALUES ('1902', '大三', '201911061', '周子豪', '1080024', 90, '乒乓球（二）');
INSERT INTO `tb_gradeinfo_sub` VALUES ('1902', '大三', '201911061', '周子豪', '1100033', 63, '毛泽东思想和中国特色社会主义理论体系概论');
INSERT INTO `tb_gradeinfo_sub` VALUES ('1902', '大三', '201911061', '周子豪', '1100061', 80, '形势与政策');
INSERT INTO `tb_gradeinfo_sub` VALUES ('1902', '大三', '201911061', '周子豪', '2010062', 49, 'JAVA程序设计');
INSERT INTO `tb_gradeinfo_sub` VALUES ('1902', '大三', '201911061', '周子豪', '2010090', 51, '单片机系统及应用');
INSERT INTO `tb_gradeinfo_sub` VALUES ('1902', '大三', '201911061', '周子豪', '2010190', 60, '软件工程导论');
INSERT INTO `tb_gradeinfo_sub` VALUES ('1902', '大三', '201911061', '周子豪', '4115420', 83.29, '漫画艺术欣赏与创作');
INSERT INTO `tb_gradeinfo_sub` VALUES ('1902', '大三', '201911062', '王铁元', '1050040', 78, '综合英语（四）');
INSERT INTO `tb_gradeinfo_sub` VALUES ('1902', '大三', '201911062', '王铁元', '1070040', 80, '概率论与数理统计A');
INSERT INTO `tb_gradeinfo_sub` VALUES ('1902', '大三', '201911062', '王铁元', '1080024', 82, '乒乓球（二）');
INSERT INTO `tb_gradeinfo_sub` VALUES ('1902', '大三', '201911062', '王铁元', '1100033', 76, '毛泽东思想和中国特色社会主义理论体系概论');
INSERT INTO `tb_gradeinfo_sub` VALUES ('1902', '大三', '201911062', '王铁元', '1100061', 83, '形势与政策');
INSERT INTO `tb_gradeinfo_sub` VALUES ('1902', '大三', '201911062', '王铁元', '2010062', 61, 'JAVA程序设计');
INSERT INTO `tb_gradeinfo_sub` VALUES ('1902', '大三', '201911062', '王铁元', '2010090', 64, '单片机系统及应用');
INSERT INTO `tb_gradeinfo_sub` VALUES ('1902', '大三', '201911062', '王铁元', '2010190', 69.5, '软件工程导论');
INSERT INTO `tb_gradeinfo_sub` VALUES ('1902', '大三', '201911062', '王铁元', '4115420', 94.66, '漫画艺术欣赏与创作');
INSERT INTO `tb_gradeinfo_sub` VALUES ('1903', '大三', '201911063', '苏曼', '1050040', 75, '综合英语（四）');
INSERT INTO `tb_gradeinfo_sub` VALUES ('1903', '大三', '201911063', '苏曼', '1080029', 88, '武术（二）');
INSERT INTO `tb_gradeinfo_sub` VALUES ('1903', '大三', '201911063', '苏曼', '1100033', 72, '毛泽东思想和中国特色社会主义理论体系概论');
INSERT INTO `tb_gradeinfo_sub` VALUES ('1903', '大三', '201911063', '苏曼', '1100061', 80, '形势与政策');
INSERT INTO `tb_gradeinfo_sub` VALUES ('1903', '大三', '201911063', '苏曼', '2010062', 69, 'JAVA程序设计');
INSERT INTO `tb_gradeinfo_sub` VALUES ('1903', '大三', '201911063', '苏曼', '2010090', 73, '单片机系统及应用');
INSERT INTO `tb_gradeinfo_sub` VALUES ('1903', '大三', '201911063', '苏曼', '2010190', 83.5, '软件工程导论');
INSERT INTO `tb_gradeinfo_sub` VALUES ('1903', '大三', '201911063', '苏曼', '4115420', 97.82, '漫画艺术欣赏与创作');
INSERT INTO `tb_gradeinfo_sub` VALUES ('1903', '大三', '201911064', '宋来昂', '1050040', 65, '综合英语（四）');
INSERT INTO `tb_gradeinfo_sub` VALUES ('1903', '大三', '201911064', '宋来昂', '1080029', 89, '武术（二）');
INSERT INTO `tb_gradeinfo_sub` VALUES ('1903', '大三', '201911064', '宋来昂', '1100033', 79, '毛泽东思想和中国特色社会主义理论体系概论');
INSERT INTO `tb_gradeinfo_sub` VALUES ('1903', '大三', '201911064', '宋来昂', '1100061', 80, '形势与政策');
INSERT INTO `tb_gradeinfo_sub` VALUES ('1903', '大三', '201911064', '宋来昂', '2010062', 93, 'JAVA程序设计');
INSERT INTO `tb_gradeinfo_sub` VALUES ('1903', '大三', '201911064', '宋来昂', '2010090', 86, '单片机系统及应用');
INSERT INTO `tb_gradeinfo_sub` VALUES ('1903', '大三', '201911064', '宋来昂', '2010190', 74, '软件工程导论');
INSERT INTO `tb_gradeinfo_sub` VALUES ('1903', '大三', '201911064', '宋来昂', '4030290', 67, '专利法');
INSERT INTO `tb_gradeinfo_sub` VALUES ('1903', '大三', '201911064', '宋来昂', '4115420', 98.62, '漫画艺术欣赏与创作');
INSERT INTO `tb_gradeinfo_sub` VALUES ('1903', '大三', '201911064', '宋来昂', '4115450', 69.23, '微表情识别：读脸读心');
INSERT INTO `tb_gradeinfo_sub` VALUES ('1903', '大三', '201911065', '葛皖蒙', '1050040', 63, '综合英语（四）');
INSERT INTO `tb_gradeinfo_sub` VALUES ('1903', '大三', '201911065', '葛皖蒙', '1080024', 85, '乒乓球（二）');
INSERT INTO `tb_gradeinfo_sub` VALUES ('1903', '大三', '201911065', '葛皖蒙', '1100033', 75, '毛泽东思想和中国特色社会主义理论体系概论');
INSERT INTO `tb_gradeinfo_sub` VALUES ('1903', '大三', '201911065', '葛皖蒙', '1100061', 82, '形势与政策');
INSERT INTO `tb_gradeinfo_sub` VALUES ('1903', '大三', '201911065', '葛皖蒙', '2010062', 76.5, 'JAVA程序设计');
INSERT INTO `tb_gradeinfo_sub` VALUES ('1903', '大三', '201911065', '葛皖蒙', '2010090', 82, '单片机系统及应用');
INSERT INTO `tb_gradeinfo_sub` VALUES ('1903', '大三', '201911065', '葛皖蒙', '2010190', 76.5, '软件工程导论');
INSERT INTO `tb_gradeinfo_sub` VALUES ('1903', '大三', '201911066', '张成', '1050040', 69, '综合英语（四）');
INSERT INTO `tb_gradeinfo_sub` VALUES ('1903', '大三', '201911066', '张成', '1080029', 88, '武术（二）');
INSERT INTO `tb_gradeinfo_sub` VALUES ('1903', '大三', '201911066', '张成', '1100033', 83, '毛泽东思想和中国特色社会主义理论体系概论');
INSERT INTO `tb_gradeinfo_sub` VALUES ('1903', '大三', '201911066', '张成', '1100061', 78, '形势与政策');
INSERT INTO `tb_gradeinfo_sub` VALUES ('1903', '大三', '201911066', '张成', '2010062', 83, 'JAVA程序设计');
INSERT INTO `tb_gradeinfo_sub` VALUES ('1903', '大三', '201911066', '张成', '2010090', 73, '单片机系统及应用');
INSERT INTO `tb_gradeinfo_sub` VALUES ('1903', '大三', '201911066', '张成', '2010190', 74, '软件工程导论');
INSERT INTO `tb_gradeinfo_sub` VALUES ('1903', '大三', '201911066', '张成', '4030290', 62, '专利法');
INSERT INTO `tb_gradeinfo_sub` VALUES ('1903', '大三', '201911066', '张成', '4115420', 54.44, '漫画艺术欣赏与创作');
INSERT INTO `tb_gradeinfo_sub` VALUES ('1903', '大三', '201911066', '张成', '4115460', 100, '石文化与宝石鉴赏');
INSERT INTO `tb_gradeinfo_sub` VALUES ('1903', '大三', '201911067', '于彤慧', '1050040', 68, '综合英语（四）');
INSERT INTO `tb_gradeinfo_sub` VALUES ('1903', '大三', '201911067', '于彤慧', '1080024', 80, '乒乓球（二）');
INSERT INTO `tb_gradeinfo_sub` VALUES ('1903', '大三', '201911067', '于彤慧', '1100033', 74.5, '毛泽东思想和中国特色社会主义理论体系概论');
INSERT INTO `tb_gradeinfo_sub` VALUES ('1903', '大三', '201911067', '于彤慧', '1100061', 78, '形势与政策');
INSERT INTO `tb_gradeinfo_sub` VALUES ('1903', '大三', '201911067', '于彤慧', '2010062', 73, 'JAVA程序设计');
INSERT INTO `tb_gradeinfo_sub` VALUES ('1903', '大三', '201911067', '于彤慧', '2010090', 76, '单片机系统及应用');
INSERT INTO `tb_gradeinfo_sub` VALUES ('1903', '大三', '201911067', '于彤慧', '2010190', 75, '软件工程导论');
INSERT INTO `tb_gradeinfo_sub` VALUES ('1903', '大三', '201911067', '于彤慧', '4115420', 98.47, '漫画艺术欣赏与创作');
INSERT INTO `tb_gradeinfo_sub` VALUES ('1903', '大三', '201911069', '陈嘉兴', '1050040', 59, '综合英语（四）');
INSERT INTO `tb_gradeinfo_sub` VALUES ('1903', '大三', '201911069', '陈嘉兴', '1080027', 100, '排球（二）');
INSERT INTO `tb_gradeinfo_sub` VALUES ('1903', '大三', '201911069', '陈嘉兴', '1100033', 80, '毛泽东思想和中国特色社会主义理论体系概论');
INSERT INTO `tb_gradeinfo_sub` VALUES ('1903', '大三', '201911069', '陈嘉兴', '1100061', 80, '形势与政策');
INSERT INTO `tb_gradeinfo_sub` VALUES ('1903', '大三', '201911069', '陈嘉兴', '2010062', 92, 'JAVA程序设计');
INSERT INTO `tb_gradeinfo_sub` VALUES ('1903', '大三', '201911069', '陈嘉兴', '2010090', 75, '单片机系统及应用');
INSERT INTO `tb_gradeinfo_sub` VALUES ('1903', '大三', '201911069', '陈嘉兴', '2010190', 81, '软件工程导论');
INSERT INTO `tb_gradeinfo_sub` VALUES ('1903', '大三', '201911069', '陈嘉兴', '4030210', 70, '社会学');
INSERT INTO `tb_gradeinfo_sub` VALUES ('1903', '大三', '201911069', '陈嘉兴', '4115420', 92.94, '漫画艺术欣赏与创作');
INSERT INTO `tb_gradeinfo_sub` VALUES ('1903', '大三', '201911070', '李祉儒', '1050040', 86, '综合英语（四）');
INSERT INTO `tb_gradeinfo_sub` VALUES ('1903', '大三', '201911070', '李祉儒', '1080024', 78, '乒乓球（二）');
INSERT INTO `tb_gradeinfo_sub` VALUES ('1903', '大三', '201911070', '李祉儒', '1100033', 88, '毛泽东思想和中国特色社会主义理论体系概论');
INSERT INTO `tb_gradeinfo_sub` VALUES ('1903', '大三', '201911070', '李祉儒', '1100061', 78, '形势与政策');
INSERT INTO `tb_gradeinfo_sub` VALUES ('1903', '大三', '201911070', '李祉儒', '2010062', 82, 'JAVA程序设计');
INSERT INTO `tb_gradeinfo_sub` VALUES ('1903', '大三', '201911070', '李祉儒', '2010090', 85, '单片机系统及应用');
INSERT INTO `tb_gradeinfo_sub` VALUES ('1903', '大三', '201911070', '李祉儒', '2010190', 95, '软件工程导论');
INSERT INTO `tb_gradeinfo_sub` VALUES ('1903', '大三', '201911070', '李祉儒', '4115420', 20.54, '漫画艺术欣赏与创作');
INSERT INTO `tb_gradeinfo_sub` VALUES ('1903', '大三', '201911070', '李祉儒', '4115460', 70, '石文化与宝石鉴赏');
INSERT INTO `tb_gradeinfo_sub` VALUES ('1903', '大三', '201911071', '杨小君', '1050040', 78, '综合英语（四）');
INSERT INTO `tb_gradeinfo_sub` VALUES ('1903', '大三', '201911071', '杨小君', '1080026', 84, '健美操（二）');
INSERT INTO `tb_gradeinfo_sub` VALUES ('1903', '大三', '201911071', '杨小君', '1100033', 84, '毛泽东思想和中国特色社会主义理论体系概论');
INSERT INTO `tb_gradeinfo_sub` VALUES ('1903', '大三', '201911071', '杨小君', '1100061', 80, '形势与政策');
INSERT INTO `tb_gradeinfo_sub` VALUES ('1903', '大三', '201911071', '杨小君', '2010062', 84.5, 'JAVA程序设计');
INSERT INTO `tb_gradeinfo_sub` VALUES ('1903', '大三', '201911071', '杨小君', '2010090', 84.5, '单片机系统及应用');
INSERT INTO `tb_gradeinfo_sub` VALUES ('1903', '大三', '201911071', '杨小君', '2010190', 91, '软件工程导论');
INSERT INTO `tb_gradeinfo_sub` VALUES ('1903', '大三', '201911071', '杨小君', '4115420', 93.31, '漫画艺术欣赏与创作');
INSERT INTO `tb_gradeinfo_sub` VALUES ('1903', '大三', '201911072', '秦佳琦', '1050040', 85, '综合英语（四）');
INSERT INTO `tb_gradeinfo_sub` VALUES ('1903', '大三', '201911072', '秦佳琦', '1080026', 83, '健美操（二）');
INSERT INTO `tb_gradeinfo_sub` VALUES ('1903', '大三', '201911072', '秦佳琦', '1100033', 88, '毛泽东思想和中国特色社会主义理论体系概论');
INSERT INTO `tb_gradeinfo_sub` VALUES ('1903', '大三', '201911072', '秦佳琦', '1100061', 80, '形势与政策');
INSERT INTO `tb_gradeinfo_sub` VALUES ('1903', '大三', '201911072', '秦佳琦', '2010062', 89, 'JAVA程序设计');
INSERT INTO `tb_gradeinfo_sub` VALUES ('1903', '大三', '201911072', '秦佳琦', '2010090', 86.5, '单片机系统及应用');
INSERT INTO `tb_gradeinfo_sub` VALUES ('1903', '大三', '201911072', '秦佳琦', '2010190', 97, '软件工程导论');
INSERT INTO `tb_gradeinfo_sub` VALUES ('1903', '大三', '201911072', '秦佳琦', '4115420', 98.74, '漫画艺术欣赏与创作');
INSERT INTO `tb_gradeinfo_sub` VALUES ('1903', '大三', '201911073', '赵航', '1050040', 65, '综合英语（四）');
INSERT INTO `tb_gradeinfo_sub` VALUES ('1903', '大三', '201911073', '赵航', '1080024', 82, '乒乓球（二）');
INSERT INTO `tb_gradeinfo_sub` VALUES ('1903', '大三', '201911073', '赵航', '1100033', 85, '毛泽东思想和中国特色社会主义理论体系概论');
INSERT INTO `tb_gradeinfo_sub` VALUES ('1903', '大三', '201911073', '赵航', '1100061', 80, '形势与政策');
INSERT INTO `tb_gradeinfo_sub` VALUES ('1903', '大三', '201911073', '赵航', '2010062', 83, 'JAVA程序设计');
INSERT INTO `tb_gradeinfo_sub` VALUES ('1903', '大三', '201911073', '赵航', '2010090', 83, '单片机系统及应用');
INSERT INTO `tb_gradeinfo_sub` VALUES ('1903', '大三', '201911073', '赵航', '2010190', 85, '软件工程导论');
INSERT INTO `tb_gradeinfo_sub` VALUES ('1903', '大三', '201911074', '姚亮', '1080022', 88, '足球（二）');
INSERT INTO `tb_gradeinfo_sub` VALUES ('1903', '大三', '201911074', '姚亮', '1100033', 79, '毛泽东思想和中国特色社会主义理论体系概论');
INSERT INTO `tb_gradeinfo_sub` VALUES ('1903', '大三', '201911074', '姚亮', '1100061', 80, '形势与政策');
INSERT INTO `tb_gradeinfo_sub` VALUES ('1903', '大三', '201911074', '姚亮', '2010062', 96, 'JAVA程序设计');
INSERT INTO `tb_gradeinfo_sub` VALUES ('1903', '大三', '201911074', '姚亮', '2010090', 86, '单片机系统及应用');
INSERT INTO `tb_gradeinfo_sub` VALUES ('1903', '大三', '201911074', '姚亮', '2010190', 92, '软件工程导论');
INSERT INTO `tb_gradeinfo_sub` VALUES ('1903', '大三', '201911074', '姚亮', '3057011', 90, '初级日语（一）');
INSERT INTO `tb_gradeinfo_sub` VALUES ('1903', '大三', '201911074', '姚亮', '4115420', 63.47, '漫画艺术欣赏与创作');
INSERT INTO `tb_gradeinfo_sub` VALUES ('1903', '大三', '201911074', '姚亮', '4115440', 100, '清代八旗制度');
INSERT INTO `tb_gradeinfo_sub` VALUES ('1903', '大三', '201911075', '杨雯棋', '1050040', 77, '综合英语（四）');
INSERT INTO `tb_gradeinfo_sub` VALUES ('1903', '大三', '201911075', '杨雯棋', '1080021', 93, '篮球（二）');
INSERT INTO `tb_gradeinfo_sub` VALUES ('1903', '大三', '201911075', '杨雯棋', '1100033', 87.5, '毛泽东思想和中国特色社会主义理论体系概论');
INSERT INTO `tb_gradeinfo_sub` VALUES ('1903', '大三', '201911075', '杨雯棋', '1100061', 80, '形势与政策');
INSERT INTO `tb_gradeinfo_sub` VALUES ('1903', '大三', '201911075', '杨雯棋', '2010062', 81, 'JAVA程序设计');
INSERT INTO `tb_gradeinfo_sub` VALUES ('1903', '大三', '201911075', '杨雯棋', '2010090', 80, '单片机系统及应用');
INSERT INTO `tb_gradeinfo_sub` VALUES ('1903', '大三', '201911075', '杨雯棋', '2010190', 93, '软件工程导论');
INSERT INTO `tb_gradeinfo_sub` VALUES ('1903', '大三', '201911075', '杨雯棋', '4115420', 99.29, '漫画艺术欣赏与创作');
INSERT INTO `tb_gradeinfo_sub` VALUES ('1903', '大三', '201911076', '衣凤杰', '1050040', 73, '综合英语（四）');
INSERT INTO `tb_gradeinfo_sub` VALUES ('1903', '大三', '201911076', '衣凤杰', '1070040', 84, '概率论与数理统计A');
INSERT INTO `tb_gradeinfo_sub` VALUES ('1903', '大三', '201911076', '衣凤杰', '1080022', 94, '足球（二）');
INSERT INTO `tb_gradeinfo_sub` VALUES ('1903', '大三', '201911076', '衣凤杰', '1100033', 62, '毛泽东思想和中国特色社会主义理论体系概论');
INSERT INTO `tb_gradeinfo_sub` VALUES ('1903', '大三', '201911076', '衣凤杰', '1100061', 80, '形势与政策');
INSERT INTO `tb_gradeinfo_sub` VALUES ('1903', '大三', '201911076', '衣凤杰', '2010062', 77, 'JAVA程序设计');
INSERT INTO `tb_gradeinfo_sub` VALUES ('1903', '大三', '201911076', '衣凤杰', '2010090', 64, '单片机系统及应用');
INSERT INTO `tb_gradeinfo_sub` VALUES ('1903', '大三', '201911076', '衣凤杰', '2010190', 70, '软件工程导论');
INSERT INTO `tb_gradeinfo_sub` VALUES ('1903', '大三', '201911076', '衣凤杰', '4115420', 81.8, '漫画艺术欣赏与创作');
INSERT INTO `tb_gradeinfo_sub` VALUES ('1903', '大三', '201911077', '彭辉', '1050040', 79, '综合英语（四）');
INSERT INTO `tb_gradeinfo_sub` VALUES ('1903', '大三', '201911077', '彭辉', '1080029', 93, '武术（二）');
INSERT INTO `tb_gradeinfo_sub` VALUES ('1903', '大三', '201911077', '彭辉', '1100033', 81, '毛泽东思想和中国特色社会主义理论体系概论');
INSERT INTO `tb_gradeinfo_sub` VALUES ('1903', '大三', '201911077', '彭辉', '1100061', 78, '形势与政策');
INSERT INTO `tb_gradeinfo_sub` VALUES ('1903', '大三', '201911077', '彭辉', '2010062', 90, 'JAVA程序设计');
INSERT INTO `tb_gradeinfo_sub` VALUES ('1903', '大三', '201911077', '彭辉', '2010090', 79, '单片机系统及应用');
INSERT INTO `tb_gradeinfo_sub` VALUES ('1903', '大三', '201911077', '彭辉', '2010190', 85, '软件工程导论');
INSERT INTO `tb_gradeinfo_sub` VALUES ('1903', '大三', '201911077', '彭辉', '4115420', 99.09, '漫画艺术欣赏与创作');
INSERT INTO `tb_gradeinfo_sub` VALUES ('1903', '大三', '201911078', '白锦岳', '1050040', 79, '综合英语（四）');
INSERT INTO `tb_gradeinfo_sub` VALUES ('1903', '大三', '201911078', '白锦岳', '1080026', 83, '健美操（二）');
INSERT INTO `tb_gradeinfo_sub` VALUES ('1903', '大三', '201911078', '白锦岳', '1100033', 46, '毛泽东思想和中国特色社会主义理论体系概论');
INSERT INTO `tb_gradeinfo_sub` VALUES ('1903', '大三', '201911078', '白锦岳', '1100061', 80, '形势与政策');
INSERT INTO `tb_gradeinfo_sub` VALUES ('1903', '大三', '201911078', '白锦岳', '2010062', 76, 'JAVA程序设计');
INSERT INTO `tb_gradeinfo_sub` VALUES ('1903', '大三', '201911078', '白锦岳', '2010090', 64, '单片机系统及应用');
INSERT INTO `tb_gradeinfo_sub` VALUES ('1903', '大三', '201911078', '白锦岳', '2010190', 69, '软件工程导论');
INSERT INTO `tb_gradeinfo_sub` VALUES ('1903', '大三', '201911078', '白锦岳', '4115420', 93.15, '漫画艺术欣赏与创作');
INSERT INTO `tb_gradeinfo_sub` VALUES ('1903', '大三', '201911078', '白锦岳', '4115450', 80.82, '微表情识别：读脸读心');
INSERT INTO `tb_gradeinfo_sub` VALUES ('1903', '大三', '201911081', '刘靖宇', '1050040', 54, '综合英语（四）');
INSERT INTO `tb_gradeinfo_sub` VALUES ('1903', '大三', '201911081', '刘靖宇', '1070040', 71, '概率论与数理统计A');
INSERT INTO `tb_gradeinfo_sub` VALUES ('1903', '大三', '201911081', '刘靖宇', '1080029', 87, '武术（二）');
INSERT INTO `tb_gradeinfo_sub` VALUES ('1903', '大三', '201911081', '刘靖宇', '1100033', 72, '毛泽东思想和中国特色社会主义理论体系概论');
INSERT INTO `tb_gradeinfo_sub` VALUES ('1903', '大三', '201911081', '刘靖宇', '1100061', 82, '形势与政策');
INSERT INTO `tb_gradeinfo_sub` VALUES ('1903', '大三', '201911081', '刘靖宇', '2010062', 70, 'JAVA程序设计');
INSERT INTO `tb_gradeinfo_sub` VALUES ('1903', '大三', '201911081', '刘靖宇', '2010090', 61, '单片机系统及应用');
INSERT INTO `tb_gradeinfo_sub` VALUES ('1903', '大三', '201911081', '刘靖宇', '2010112', 48, '计算机网络');
INSERT INTO `tb_gradeinfo_sub` VALUES ('1903', '大三', '201911081', '刘靖宇', '2010190', 71, '软件工程导论');
INSERT INTO `tb_gradeinfo_sub` VALUES ('1903', '大三', '201911081', '刘靖宇', '4115420', 83.68, '漫画艺术欣赏与创作');
INSERT INTO `tb_gradeinfo_sub` VALUES ('1903', '大三', '201911082', '徐露', '1050040', 67, '综合英语（四）');
INSERT INTO `tb_gradeinfo_sub` VALUES ('1903', '大三', '201911082', '徐露', '1080024', 85, '乒乓球（二）');
INSERT INTO `tb_gradeinfo_sub` VALUES ('1903', '大三', '201911082', '徐露', '1100033', 78, '毛泽东思想和中国特色社会主义理论体系概论');
INSERT INTO `tb_gradeinfo_sub` VALUES ('1903', '大三', '201911082', '徐露', '1100061', 80, '形势与政策');
INSERT INTO `tb_gradeinfo_sub` VALUES ('1903', '大三', '201911082', '徐露', '2010062', 75, 'JAVA程序设计');
INSERT INTO `tb_gradeinfo_sub` VALUES ('1903', '大三', '201911082', '徐露', '2010090', 69, '单片机系统及应用');
INSERT INTO `tb_gradeinfo_sub` VALUES ('1903', '大三', '201911082', '徐露', '2010190', 83, '软件工程导论');
INSERT INTO `tb_gradeinfo_sub` VALUES ('1903', '大三', '201911083', '南东明', '1050040', 65, '综合英语（四）');
INSERT INTO `tb_gradeinfo_sub` VALUES ('1903', '大三', '201911083', '南东明', '1080024', 85, '乒乓球（二）');
INSERT INTO `tb_gradeinfo_sub` VALUES ('1903', '大三', '201911083', '南东明', '1100033', 84, '毛泽东思想和中国特色社会主义理论体系概论');
INSERT INTO `tb_gradeinfo_sub` VALUES ('1903', '大三', '201911083', '南东明', '1100061', 82, '形势与政策');
INSERT INTO `tb_gradeinfo_sub` VALUES ('1903', '大三', '201911083', '南东明', '2010062', 85.5, 'JAVA程序设计');
INSERT INTO `tb_gradeinfo_sub` VALUES ('1903', '大三', '201911083', '南东明', '2010090', 72, '单片机系统及应用');
INSERT INTO `tb_gradeinfo_sub` VALUES ('1903', '大三', '201911083', '南东明', '2010190', 82, '软件工程导论');
INSERT INTO `tb_gradeinfo_sub` VALUES ('1903', '大三', '201911085', '俞博海', '1050040', 58, '综合英语（四）');
INSERT INTO `tb_gradeinfo_sub` VALUES ('1903', '大三', '201911085', '俞博海', '1080022', 82, '足球（二）');
INSERT INTO `tb_gradeinfo_sub` VALUES ('1903', '大三', '201911085', '俞博海', '1100033', 62, '毛泽东思想和中国特色社会主义理论体系概论');
INSERT INTO `tb_gradeinfo_sub` VALUES ('1903', '大三', '201911085', '俞博海', '1100061', 78, '形势与政策');
INSERT INTO `tb_gradeinfo_sub` VALUES ('1903', '大三', '201911085', '俞博海', '2010062', 84, 'JAVA程序设计');
INSERT INTO `tb_gradeinfo_sub` VALUES ('1903', '大三', '201911085', '俞博海', '2010090', 67.5, '单片机系统及应用');
INSERT INTO `tb_gradeinfo_sub` VALUES ('1903', '大三', '201911085', '俞博海', '2010190', 75.5, '软件工程导论');
INSERT INTO `tb_gradeinfo_sub` VALUES ('1903', '大三', '201911085', '俞博海', '4115420', 99.4, '漫画艺术欣赏与创作');
INSERT INTO `tb_gradeinfo_sub` VALUES ('1903', '大三', '201911086', '文俊岚', '1050040', 60, '综合英语（四）');
INSERT INTO `tb_gradeinfo_sub` VALUES ('1903', '大三', '201911086', '文俊岚', '1070040', 84, '概率论与数理统计A');
INSERT INTO `tb_gradeinfo_sub` VALUES ('1903', '大三', '201911086', '文俊岚', '1080026', 80, '健美操（二）');
INSERT INTO `tb_gradeinfo_sub` VALUES ('1903', '大三', '201911086', '文俊岚', '1100033', 58, '毛泽东思想和中国特色社会主义理论体系概论');
INSERT INTO `tb_gradeinfo_sub` VALUES ('1903', '大三', '201911086', '文俊岚', '1100061', 80, '形势与政策');
INSERT INTO `tb_gradeinfo_sub` VALUES ('1903', '大三', '201911086', '文俊岚', '2010062', 69, 'JAVA程序设计');
INSERT INTO `tb_gradeinfo_sub` VALUES ('1903', '大三', '201911086', '文俊岚', '2010090', 66, '单片机系统及应用');
INSERT INTO `tb_gradeinfo_sub` VALUES ('1903', '大三', '201911086', '文俊岚', '2010112', 50, '计算机网络');
INSERT INTO `tb_gradeinfo_sub` VALUES ('1903', '大三', '201911086', '文俊岚', '2010190', 74, '软件工程导论');
INSERT INTO `tb_gradeinfo_sub` VALUES ('1903', '大三', '201911086', '文俊岚', '4115420', 84.95, '漫画艺术欣赏与创作');
INSERT INTO `tb_gradeinfo_sub` VALUES ('1903', '大三', '201911088', '杨欣辉', '1050040', 89, '综合英语（四）');
INSERT INTO `tb_gradeinfo_sub` VALUES ('1903', '大三', '201911088', '杨欣辉', '1070040', 50, '概率论与数理统计A');
INSERT INTO `tb_gradeinfo_sub` VALUES ('1903', '大三', '201911088', '杨欣辉', '1070070', 79, '高等数学A（三）');
INSERT INTO `tb_gradeinfo_sub` VALUES ('1903', '大三', '201911088', '杨欣辉', '1080029', 89, '武术（二）');
INSERT INTO `tb_gradeinfo_sub` VALUES ('1903', '大三', '201911088', '杨欣辉', '1100033', 71, '毛泽东思想和中国特色社会主义理论体系概论');
INSERT INTO `tb_gradeinfo_sub` VALUES ('1903', '大三', '201911088', '杨欣辉', '1100061', 82, '形势与政策');
INSERT INTO `tb_gradeinfo_sub` VALUES ('1903', '大三', '201911088', '杨欣辉', '2010062', 98, 'JAVA程序设计');
INSERT INTO `tb_gradeinfo_sub` VALUES ('1903', '大三', '201911088', '杨欣辉', '2010090', 87, '单片机系统及应用');
INSERT INTO `tb_gradeinfo_sub` VALUES ('1903', '大三', '201911088', '杨欣辉', '2010190', 82, '软件工程导论');
INSERT INTO `tb_gradeinfo_sub` VALUES ('1903', '大三', '201911088', '杨欣辉', '4030020', 70, '合同法');
INSERT INTO `tb_gradeinfo_sub` VALUES ('1903', '大三', '201911088', '杨欣辉', '4115420', 93.37, '漫画艺术欣赏与创作');
INSERT INTO `tb_gradeinfo_sub` VALUES ('1903', '大三', '201911088', '杨欣辉', '4115470', 92.79, '舌尖上的植物学');
INSERT INTO `tb_gradeinfo_sub` VALUES ('1903', '大三', '201911091', '刘雄', '1050040', 27, '综合英语（四）');
INSERT INTO `tb_gradeinfo_sub` VALUES ('1903', '大三', '201911091', '刘雄', '1080027', 100, '排球（二）');
INSERT INTO `tb_gradeinfo_sub` VALUES ('1903', '大三', '201911091', '刘雄', '1100033', 71, '毛泽东思想和中国特色社会主义理论体系概论');
INSERT INTO `tb_gradeinfo_sub` VALUES ('1903', '大三', '201911091', '刘雄', '1100061', 80, '形势与政策');
INSERT INTO `tb_gradeinfo_sub` VALUES ('1903', '大三', '201911091', '刘雄', '2010062', 83, 'JAVA程序设计');
INSERT INTO `tb_gradeinfo_sub` VALUES ('1903', '大三', '201911091', '刘雄', '2010090', 68, '单片机系统及应用');
INSERT INTO `tb_gradeinfo_sub` VALUES ('1903', '大三', '201911091', '刘雄', '2010190', 70, '软件工程导论');
INSERT INTO `tb_gradeinfo_sub` VALUES ('1904', '大三', '201911093', '李超', '1050040', 55, '综合英语（四）');
INSERT INTO `tb_gradeinfo_sub` VALUES ('1904', '大三', '201911093', '李超', '1070040', 82, '概率论与数理统计A');
INSERT INTO `tb_gradeinfo_sub` VALUES ('1904', '大三', '201911093', '李超', '1080021', 86, '篮球（二）');
INSERT INTO `tb_gradeinfo_sub` VALUES ('1904', '大三', '201911093', '李超', '1100033', 67, '毛泽东思想和中国特色社会主义理论体系概论');
INSERT INTO `tb_gradeinfo_sub` VALUES ('1904', '大三', '201911093', '李超', '1100061', 82, '形势与政策');
INSERT INTO `tb_gradeinfo_sub` VALUES ('1904', '大三', '201911093', '李超', '2010062', 46, 'JAVA程序设计');
INSERT INTO `tb_gradeinfo_sub` VALUES ('1904', '大三', '201911093', '李超', '2010090', 82, '单片机系统及应用');
INSERT INTO `tb_gradeinfo_sub` VALUES ('1904', '大三', '201911093', '李超', '2010190', 64, '软件工程导论');
INSERT INTO `tb_gradeinfo_sub` VALUES ('1904', '大三', '201911093', '李超', '4115420', 52.79, '漫画艺术欣赏与创作');
INSERT INTO `tb_gradeinfo_sub` VALUES ('1904', '大三', '201911093', '李超', '4115460', 100, '石文化与宝石鉴赏');
INSERT INTO `tb_gradeinfo_sub` VALUES ('1904', '大三', '201911096', '赵国强', '1050040', 44, '综合英语（四）');
INSERT INTO `tb_gradeinfo_sub` VALUES ('1904', '大三', '201911096', '赵国强', '1070040', 78, '概率论与数理统计A');
INSERT INTO `tb_gradeinfo_sub` VALUES ('1904', '大三', '201911096', '赵国强', '1070070', 84, '高等数学A（三）');
INSERT INTO `tb_gradeinfo_sub` VALUES ('1904', '大三', '201911096', '赵国强', '1080024', 87, '乒乓球（二）');
INSERT INTO `tb_gradeinfo_sub` VALUES ('1904', '大三', '201911096', '赵国强', '1100033', 66, '毛泽东思想和中国特色社会主义理论体系概论');
INSERT INTO `tb_gradeinfo_sub` VALUES ('1904', '大三', '201911096', '赵国强', '1100050', 48, '健康教育');
INSERT INTO `tb_gradeinfo_sub` VALUES ('1904', '大三', '201911096', '赵国强', '1100061', 80, '形势与政策');
INSERT INTO `tb_gradeinfo_sub` VALUES ('1904', '大三', '201911096', '赵国强', '2010062', 49, 'JAVA程序设计');
INSERT INTO `tb_gradeinfo_sub` VALUES ('1904', '大三', '201911096', '赵国强', '2010090', 75, '单片机系统及应用');
INSERT INTO `tb_gradeinfo_sub` VALUES ('1904', '大三', '201911096', '赵国强', '2010112', 47, '计算机网络');
INSERT INTO `tb_gradeinfo_sub` VALUES ('1904', '大三', '201911096', '赵国强', '2010190', 52, '软件工程导论');
INSERT INTO `tb_gradeinfo_sub` VALUES ('1904', '大三', '201911096', '赵国强', '4115420', 67.31, '漫画艺术欣赏与创作');
INSERT INTO `tb_gradeinfo_sub` VALUES ('1904', '大三', '201911096', '赵国强', '4115440', 99.4, '清代八旗制度');
INSERT INTO `tb_gradeinfo_sub` VALUES ('1904', '大三', '201911097', '付俊康', '1050040', 58, '综合英语（四）');
INSERT INTO `tb_gradeinfo_sub` VALUES ('1904', '大三', '201911097', '付俊康', '1070040', 81, '概率论与数理统计A');
INSERT INTO `tb_gradeinfo_sub` VALUES ('1904', '大三', '201911097', '付俊康', '1070070', 47.5, '高等数学A（三）');
INSERT INTO `tb_gradeinfo_sub` VALUES ('1904', '大三', '201911097', '付俊康', '1080021', 93, '篮球（二）');
INSERT INTO `tb_gradeinfo_sub` VALUES ('1904', '大三', '201911097', '付俊康', '1100033', 63, '毛泽东思想和中国特色社会主义理论体系概论');
INSERT INTO `tb_gradeinfo_sub` VALUES ('1904', '大三', '201911097', '付俊康', '1100061', 80, '形势与政策');
INSERT INTO `tb_gradeinfo_sub` VALUES ('1904', '大三', '201911097', '付俊康', '2010062', 43, 'JAVA程序设计');
INSERT INTO `tb_gradeinfo_sub` VALUES ('1904', '大三', '201911097', '付俊康', '2010090', 67, '单片机系统及应用');
INSERT INTO `tb_gradeinfo_sub` VALUES ('1904', '大三', '201911097', '付俊康', '2010190', 74, '软件工程导论');
INSERT INTO `tb_gradeinfo_sub` VALUES ('1904', '大三', '201911097', '付俊康', '4115420', 0, '漫画艺术欣赏与创作');
INSERT INTO `tb_gradeinfo_sub` VALUES ('1904', '大三', '201911098', '朱宇同', '1050040', 65, '综合英语（四）');
INSERT INTO `tb_gradeinfo_sub` VALUES ('1904', '大三', '201911098', '朱宇同', '1070040', 78, '概率论与数理统计A');
INSERT INTO `tb_gradeinfo_sub` VALUES ('1904', '大三', '201911098', '朱宇同', '1080029', 86, '武术（二）');
INSERT INTO `tb_gradeinfo_sub` VALUES ('1904', '大三', '201911098', '朱宇同', '1100033', 75, '毛泽东思想和中国特色社会主义理论体系概论');
INSERT INTO `tb_gradeinfo_sub` VALUES ('1904', '大三', '201911098', '朱宇同', '1100061', 85, '形势与政策');
INSERT INTO `tb_gradeinfo_sub` VALUES ('1904', '大三', '201911098', '朱宇同', '2010062', 80, 'JAVA程序设计');
INSERT INTO `tb_gradeinfo_sub` VALUES ('1904', '大三', '201911098', '朱宇同', '2010090', 73, '单片机系统及应用');
INSERT INTO `tb_gradeinfo_sub` VALUES ('1904', '大三', '201911098', '朱宇同', '2010190', 76.5, '软件工程导论');
INSERT INTO `tb_gradeinfo_sub` VALUES ('1904', '大三', '201911098', '朱宇同', '4115420', 53.26, '漫画艺术欣赏与创作');
INSERT INTO `tb_gradeinfo_sub` VALUES ('1904', '大三', '201911098', '朱宇同', '4115460', 93.1, '石文化与宝石鉴赏');
INSERT INTO `tb_gradeinfo_sub` VALUES ('1904', '大三', '201911099', '许宗梁', '1050040', 80, '综合英语（四）');
INSERT INTO `tb_gradeinfo_sub` VALUES ('1904', '大三', '201911099', '许宗梁', '1080021', 89, '篮球（二）');
INSERT INTO `tb_gradeinfo_sub` VALUES ('1904', '大三', '201911099', '许宗梁', '1100033', 86, '毛泽东思想和中国特色社会主义理论体系概论');
INSERT INTO `tb_gradeinfo_sub` VALUES ('1904', '大三', '201911099', '许宗梁', '1100061', 82, '形势与政策');
INSERT INTO `tb_gradeinfo_sub` VALUES ('1904', '大三', '201911099', '许宗梁', '2010062', 74.5, 'JAVA程序设计');
INSERT INTO `tb_gradeinfo_sub` VALUES ('1904', '大三', '201911099', '许宗梁', '2010090', 82, '单片机系统及应用');
INSERT INTO `tb_gradeinfo_sub` VALUES ('1904', '大三', '201911099', '许宗梁', '2010190', 75, '软件工程导论');
INSERT INTO `tb_gradeinfo_sub` VALUES ('1904', '大三', '201911099', '许宗梁', '4115420', 93.99, '漫画艺术欣赏与创作');
INSERT INTO `tb_gradeinfo_sub` VALUES ('1904', '大三', '201911100', '荆莹', '1050040', 83, '综合英语（四）');
INSERT INTO `tb_gradeinfo_sub` VALUES ('1904', '大三', '201911100', '荆莹', '1080029', 88, '武术（二）');
INSERT INTO `tb_gradeinfo_sub` VALUES ('1904', '大三', '201911100', '荆莹', '1100033', 88, '毛泽东思想和中国特色社会主义理论体系概论');
INSERT INTO `tb_gradeinfo_sub` VALUES ('1904', '大三', '201911100', '荆莹', '1100061', 82, '形势与政策');
INSERT INTO `tb_gradeinfo_sub` VALUES ('1904', '大三', '201911100', '荆莹', '2010062', 85, 'JAVA程序设计');
INSERT INTO `tb_gradeinfo_sub` VALUES ('1904', '大三', '201911100', '荆莹', '2010090', 90, '单片机系统及应用');
INSERT INTO `tb_gradeinfo_sub` VALUES ('1904', '大三', '201911100', '荆莹', '2010190', 96, '软件工程导论');
INSERT INTO `tb_gradeinfo_sub` VALUES ('1904', '大三', '201911100', '荆莹', '4115420', 97.8, '漫画艺术欣赏与创作');
INSERT INTO `tb_gradeinfo_sub` VALUES ('1904', '大三', '201911101', '张钦差', '1050040', 72.5, '综合英语（四）');
INSERT INTO `tb_gradeinfo_sub` VALUES ('1904', '大三', '201911101', '张钦差', '1080021', 76, '篮球（二）');
INSERT INTO `tb_gradeinfo_sub` VALUES ('1904', '大三', '201911101', '张钦差', '1100033', 65, '毛泽东思想和中国特色社会主义理论体系概论');
INSERT INTO `tb_gradeinfo_sub` VALUES ('1904', '大三', '201911101', '张钦差', '1100061', 80, '形势与政策');
INSERT INTO `tb_gradeinfo_sub` VALUES ('1904', '大三', '201911101', '张钦差', '2010062', 90, 'JAVA程序设计');
INSERT INTO `tb_gradeinfo_sub` VALUES ('1904', '大三', '201911101', '张钦差', '2010090', 83, '单片机系统及应用');
INSERT INTO `tb_gradeinfo_sub` VALUES ('1904', '大三', '201911101', '张钦差', '2010190', 68, '软件工程导论');
INSERT INTO `tb_gradeinfo_sub` VALUES ('1904', '大三', '201911101', '张钦差', '4115420', 0, '漫画艺术欣赏与创作');
INSERT INTO `tb_gradeinfo_sub` VALUES ('1904', '大三', '201911101', '张钦差', '4115460', 89.64, '石文化与宝石鉴赏');
INSERT INTO `tb_gradeinfo_sub` VALUES ('1904', '大三', '201911102', '白芸菲', '1050040', 56, '综合英语（四）');
INSERT INTO `tb_gradeinfo_sub` VALUES ('1904', '大三', '201911102', '白芸菲', '1080021', 86, '篮球（二）');
INSERT INTO `tb_gradeinfo_sub` VALUES ('1904', '大三', '201911102', '白芸菲', '1100033', 68, '毛泽东思想和中国特色社会主义理论体系概论');
INSERT INTO `tb_gradeinfo_sub` VALUES ('1904', '大三', '201911102', '白芸菲', '1100061', 84, '形势与政策');
INSERT INTO `tb_gradeinfo_sub` VALUES ('1904', '大三', '201911102', '白芸菲', '2010062', 55, 'JAVA程序设计');
INSERT INTO `tb_gradeinfo_sub` VALUES ('1904', '大三', '201911102', '白芸菲', '2010090', 82, '单片机系统及应用');
INSERT INTO `tb_gradeinfo_sub` VALUES ('1904', '大三', '201911102', '白芸菲', '2010190', 48.5, '软件工程导论');
INSERT INTO `tb_gradeinfo_sub` VALUES ('1904', '大三', '201911102', '白芸菲', '4115420', 81.17, '漫画艺术欣赏与创作');
INSERT INTO `tb_gradeinfo_sub` VALUES ('1904', '大三', '201911103', '周恩驰', '1050040', 73, '综合英语（四）');
INSERT INTO `tb_gradeinfo_sub` VALUES ('1904', '大三', '201911103', '周恩驰', '1080024', 85, '乒乓球（二）');
INSERT INTO `tb_gradeinfo_sub` VALUES ('1904', '大三', '201911103', '周恩驰', '1100033', 80, '毛泽东思想和中国特色社会主义理论体系概论');
INSERT INTO `tb_gradeinfo_sub` VALUES ('1904', '大三', '201911103', '周恩驰', '1100061', 80, '形势与政策');
INSERT INTO `tb_gradeinfo_sub` VALUES ('1904', '大三', '201911103', '周恩驰', '2010062', 79, 'JAVA程序设计');
INSERT INTO `tb_gradeinfo_sub` VALUES ('1904', '大三', '201911103', '周恩驰', '2010090', 76, '单片机系统及应用');
INSERT INTO `tb_gradeinfo_sub` VALUES ('1904', '大三', '201911103', '周恩驰', '2010190', 83.5, '软件工程导论');
INSERT INTO `tb_gradeinfo_sub` VALUES ('1904', '大三', '201911103', '周恩驰', '4115420', 96.15, '漫画艺术欣赏与创作');
INSERT INTO `tb_gradeinfo_sub` VALUES ('1904', '大三', '201911104', '金柏涛', '1050040', 46, '综合英语（四）');
INSERT INTO `tb_gradeinfo_sub` VALUES ('1904', '大三', '201911104', '金柏涛', '1070040', 76, '概率论与数理统计A');
INSERT INTO `tb_gradeinfo_sub` VALUES ('1904', '大三', '201911104', '金柏涛', '1080029', 86, '武术（二）');
INSERT INTO `tb_gradeinfo_sub` VALUES ('1904', '大三', '201911104', '金柏涛', '1100033', 63, '毛泽东思想和中国特色社会主义理论体系概论');
INSERT INTO `tb_gradeinfo_sub` VALUES ('1904', '大三', '201911104', '金柏涛', '1100061', 80, '形势与政策');
INSERT INTO `tb_gradeinfo_sub` VALUES ('1904', '大三', '201911104', '金柏涛', '2010062', 59, 'JAVA程序设计');
INSERT INTO `tb_gradeinfo_sub` VALUES ('1904', '大三', '201911104', '金柏涛', '2010090', 52, '单片机系统及应用');
INSERT INTO `tb_gradeinfo_sub` VALUES ('1904', '大三', '201911104', '金柏涛', '2010190', 62, '软件工程导论');
INSERT INTO `tb_gradeinfo_sub` VALUES ('1904', '大三', '201911104', '金柏涛', '4115420', 68.6, '漫画艺术欣赏与创作');
INSERT INTO `tb_gradeinfo_sub` VALUES ('1904', '大三', '201911105', '沈洪智', '1050040', 39, '综合英语（四）');
INSERT INTO `tb_gradeinfo_sub` VALUES ('1904', '大三', '201911105', '沈洪智', '1080021', 86, '篮球（二）');
INSERT INTO `tb_gradeinfo_sub` VALUES ('1904', '大三', '201911105', '沈洪智', '1100033', 74, '毛泽东思想和中国特色社会主义理论体系概论');
INSERT INTO `tb_gradeinfo_sub` VALUES ('1904', '大三', '201911105', '沈洪智', '1100061', 80, '形势与政策');
INSERT INTO `tb_gradeinfo_sub` VALUES ('1904', '大三', '201911105', '沈洪智', '2010062', 67, 'JAVA程序设计');
INSERT INTO `tb_gradeinfo_sub` VALUES ('1904', '大三', '201911105', '沈洪智', '2010090', 74, '单片机系统及应用');
INSERT INTO `tb_gradeinfo_sub` VALUES ('1904', '大三', '201911105', '沈洪智', '2010190', 70, '软件工程导论');
INSERT INTO `tb_gradeinfo_sub` VALUES ('1904', '大三', '201911105', '沈洪智', '4115420', 82.26, '漫画艺术欣赏与创作');
INSERT INTO `tb_gradeinfo_sub` VALUES ('1904', '大三', '201911106', '王昌禹', '1050040', 53, '综合英语（四）');
INSERT INTO `tb_gradeinfo_sub` VALUES ('1904', '大三', '201911106', '王昌禹', '1080024', 80, '乒乓球（二）');
INSERT INTO `tb_gradeinfo_sub` VALUES ('1904', '大三', '201911106', '王昌禹', '1100033', 75, '毛泽东思想和中国特色社会主义理论体系概论');
INSERT INTO `tb_gradeinfo_sub` VALUES ('1904', '大三', '201911106', '王昌禹', '1100061', 82, '形势与政策');
INSERT INTO `tb_gradeinfo_sub` VALUES ('1904', '大三', '201911106', '王昌禹', '2010062', 78, 'JAVA程序设计');
INSERT INTO `tb_gradeinfo_sub` VALUES ('1904', '大三', '201911106', '王昌禹', '2010090', 77, '单片机系统及应用');
INSERT INTO `tb_gradeinfo_sub` VALUES ('1904', '大三', '201911106', '王昌禹', '2010190', 72, '软件工程导论');
INSERT INTO `tb_gradeinfo_sub` VALUES ('1904', '大三', '201911107', '陶勇杰', '1050040', 69, '综合英语（四）');
INSERT INTO `tb_gradeinfo_sub` VALUES ('1904', '大三', '201911107', '陶勇杰', '1080026', 79, '健美操（二）');
INSERT INTO `tb_gradeinfo_sub` VALUES ('1904', '大三', '201911107', '陶勇杰', '1100033', 65, '毛泽东思想和中国特色社会主义理论体系概论');
INSERT INTO `tb_gradeinfo_sub` VALUES ('1904', '大三', '201911107', '陶勇杰', '1100061', 80, '形势与政策');
INSERT INTO `tb_gradeinfo_sub` VALUES ('1904', '大三', '201911107', '陶勇杰', '2010062', 69, 'JAVA程序设计');
INSERT INTO `tb_gradeinfo_sub` VALUES ('1904', '大三', '201911107', '陶勇杰', '2010090', 75, '单片机系统及应用');
INSERT INTO `tb_gradeinfo_sub` VALUES ('1904', '大三', '201911107', '陶勇杰', '2010190', 72, '软件工程导论');
INSERT INTO `tb_gradeinfo_sub` VALUES ('1904', '大三', '201911107', '陶勇杰', '4030180', 77, '当代礼仪');
INSERT INTO `tb_gradeinfo_sub` VALUES ('1904', '大三', '201911108', '张彦斌', '1050040', 55, '综合英语（四）');
INSERT INTO `tb_gradeinfo_sub` VALUES ('1904', '大三', '201911108', '张彦斌', '1080021', 80, '篮球（二）');
INSERT INTO `tb_gradeinfo_sub` VALUES ('1904', '大三', '201911108', '张彦斌', '1100033', 79, '毛泽东思想和中国特色社会主义理论体系概论');
INSERT INTO `tb_gradeinfo_sub` VALUES ('1904', '大三', '201911108', '张彦斌', '1100061', 84, '形势与政策');
INSERT INTO `tb_gradeinfo_sub` VALUES ('1904', '大三', '201911108', '张彦斌', '2010062', 80, 'JAVA程序设计');
INSERT INTO `tb_gradeinfo_sub` VALUES ('1904', '大三', '201911108', '张彦斌', '2010090', 70, '单片机系统及应用');
INSERT INTO `tb_gradeinfo_sub` VALUES ('1904', '大三', '201911108', '张彦斌', '2010190', 72, '软件工程导论');
INSERT INTO `tb_gradeinfo_sub` VALUES ('1904', '大三', '201911108', '张彦斌', '4115420', 94.27, '漫画艺术欣赏与创作');
INSERT INTO `tb_gradeinfo_sub` VALUES ('1904', '大三', '201911109', '韩佳伟', '1050040', 83, '综合英语（四）');
INSERT INTO `tb_gradeinfo_sub` VALUES ('1904', '大三', '201911109', '韩佳伟', '1080024', 80, '乒乓球（二）');
INSERT INTO `tb_gradeinfo_sub` VALUES ('1904', '大三', '201911109', '韩佳伟', '1100033', 84, '毛泽东思想和中国特色社会主义理论体系概论');
INSERT INTO `tb_gradeinfo_sub` VALUES ('1904', '大三', '201911109', '韩佳伟', '1100061', 82, '形势与政策');
INSERT INTO `tb_gradeinfo_sub` VALUES ('1904', '大三', '201911109', '韩佳伟', '2010062', 97, 'JAVA程序设计');
INSERT INTO `tb_gradeinfo_sub` VALUES ('1904', '大三', '201911109', '韩佳伟', '2010090', 83, '单片机系统及应用');
INSERT INTO `tb_gradeinfo_sub` VALUES ('1904', '大三', '201911109', '韩佳伟', '2010190', 86, '软件工程导论');
INSERT INTO `tb_gradeinfo_sub` VALUES ('1904', '大三', '201911109', '韩佳伟', '4115420', 80.32, '漫画艺术欣赏与创作');
INSERT INTO `tb_gradeinfo_sub` VALUES ('1904', '大三', '201911109', '韩佳伟', '4115470', 78.25, '舌尖上的植物学');
INSERT INTO `tb_gradeinfo_sub` VALUES ('1904', '大三', '201911110', '尚达', '1050040', 67, '综合英语（四）');
INSERT INTO `tb_gradeinfo_sub` VALUES ('1904', '大三', '201911110', '尚达', '1080021', 82, '篮球（二）');
INSERT INTO `tb_gradeinfo_sub` VALUES ('1904', '大三', '201911110', '尚达', '1100033', 79, '毛泽东思想和中国特色社会主义理论体系概论');
INSERT INTO `tb_gradeinfo_sub` VALUES ('1904', '大三', '201911110', '尚达', '1100050', 62, '健康教育');
INSERT INTO `tb_gradeinfo_sub` VALUES ('1904', '大三', '201911110', '尚达', '1100061', 86, '形势与政策');
INSERT INTO `tb_gradeinfo_sub` VALUES ('1904', '大三', '201911110', '尚达', '2010062', 95.5, 'JAVA程序设计');
INSERT INTO `tb_gradeinfo_sub` VALUES ('1904', '大三', '201911110', '尚达', '2010090', 79, '单片机系统及应用');
INSERT INTO `tb_gradeinfo_sub` VALUES ('1904', '大三', '201911110', '尚达', '2010190', 80, '软件工程导论');
INSERT INTO `tb_gradeinfo_sub` VALUES ('1904', '大三', '201911110', '尚达', '4115420', 96.58, '漫画艺术欣赏与创作');
INSERT INTO `tb_gradeinfo_sub` VALUES ('1904', '大三', '201911111', '杨睿晟', '1050040', 65, '综合英语（四）');
INSERT INTO `tb_gradeinfo_sub` VALUES ('1904', '大三', '201911111', '杨睿晟', '1080026', 82, '健美操（二）');
INSERT INTO `tb_gradeinfo_sub` VALUES ('1904', '大三', '201911111', '杨睿晟', '1100033', 78, '毛泽东思想和中国特色社会主义理论体系概论');
INSERT INTO `tb_gradeinfo_sub` VALUES ('1904', '大三', '201911111', '杨睿晟', '1100061', 82, '形势与政策');
INSERT INTO `tb_gradeinfo_sub` VALUES ('1904', '大三', '201911111', '杨睿晟', '2010062', 89, 'JAVA程序设计');
INSERT INTO `tb_gradeinfo_sub` VALUES ('1904', '大三', '201911111', '杨睿晟', '2010090', 74, '单片机系统及应用');
INSERT INTO `tb_gradeinfo_sub` VALUES ('1904', '大三', '201911111', '杨睿晟', '2010190', 72, '软件工程导论');
INSERT INTO `tb_gradeinfo_sub` VALUES ('1904', '大三', '201911113', '王兴权', '1050040', 65, '综合英语（四）');
INSERT INTO `tb_gradeinfo_sub` VALUES ('1904', '大三', '201911113', '王兴权', '1080029', 86, '武术（二）');
INSERT INTO `tb_gradeinfo_sub` VALUES ('1904', '大三', '201911113', '王兴权', '1100033', 66, '毛泽东思想和中国特色社会主义理论体系概论');
INSERT INTO `tb_gradeinfo_sub` VALUES ('1904', '大三', '201911113', '王兴权', '1100061', 82, '形势与政策');
INSERT INTO `tb_gradeinfo_sub` VALUES ('1904', '大三', '201911113', '王兴权', '2010062', 65, 'JAVA程序设计');
INSERT INTO `tb_gradeinfo_sub` VALUES ('1904', '大三', '201911113', '王兴权', '2010090', 70, '单片机系统及应用');
INSERT INTO `tb_gradeinfo_sub` VALUES ('1904', '大三', '201911113', '王兴权', '2010190', 78, '软件工程导论');
INSERT INTO `tb_gradeinfo_sub` VALUES ('1904', '大三', '201911113', '王兴权', '4115420', 82.62, '漫画艺术欣赏与创作');
INSERT INTO `tb_gradeinfo_sub` VALUES ('1904', '大三', '201911114', '黄品谚', '1050040', 70, '综合英语（四）');
INSERT INTO `tb_gradeinfo_sub` VALUES ('1904', '大三', '201911114', '黄品谚', '1080024', 85, '乒乓球（二）');
INSERT INTO `tb_gradeinfo_sub` VALUES ('1904', '大三', '201911114', '黄品谚', '1100033', 71, '毛泽东思想和中国特色社会主义理论体系概论');
INSERT INTO `tb_gradeinfo_sub` VALUES ('1904', '大三', '201911114', '黄品谚', '1100061', 80, '形势与政策');
INSERT INTO `tb_gradeinfo_sub` VALUES ('1904', '大三', '201911114', '黄品谚', '2010062', 81, 'JAVA程序设计');
INSERT INTO `tb_gradeinfo_sub` VALUES ('1904', '大三', '201911114', '黄品谚', '2010090', 79, '单片机系统及应用');
INSERT INTO `tb_gradeinfo_sub` VALUES ('1904', '大三', '201911114', '黄品谚', '2010190', 72, '软件工程导论');
INSERT INTO `tb_gradeinfo_sub` VALUES ('1904', '大三', '201911114', '黄品谚', '4115420', 95.27, '漫画艺术欣赏与创作');
INSERT INTO `tb_gradeinfo_sub` VALUES ('1904', '大三', '201911115', '林通', '1050040', 53, '综合英语（四）');
INSERT INTO `tb_gradeinfo_sub` VALUES ('1904', '大三', '201911115', '林通', '1080021', 78, '篮球（二）');
INSERT INTO `tb_gradeinfo_sub` VALUES ('1904', '大三', '201911115', '林通', '1100033', 67, '毛泽东思想和中国特色社会主义理论体系概论');
INSERT INTO `tb_gradeinfo_sub` VALUES ('1904', '大三', '201911115', '林通', '1100061', 82, '形势与政策');
INSERT INTO `tb_gradeinfo_sub` VALUES ('1904', '大三', '201911115', '林通', '2010062', 52, 'JAVA程序设计');
INSERT INTO `tb_gradeinfo_sub` VALUES ('1904', '大三', '201911115', '林通', '2010090', 81, '单片机系统及应用');
INSERT INTO `tb_gradeinfo_sub` VALUES ('1904', '大三', '201911115', '林通', '2010190', 49, '软件工程导论');
INSERT INTO `tb_gradeinfo_sub` VALUES ('1904', '大三', '201911115', '林通', '4115420', 84.14, '漫画艺术欣赏与创作');
INSERT INTO `tb_gradeinfo_sub` VALUES ('1904', '大三', '201911117', '马天悦', '1050040', 51, '综合英语（四）');
INSERT INTO `tb_gradeinfo_sub` VALUES ('1904', '大三', '201911117', '马天悦', '1070040', 81, '概率论与数理统计A');
INSERT INTO `tb_gradeinfo_sub` VALUES ('1904', '大三', '201911117', '马天悦', '1070070', 54.5, '高等数学A（三）');
INSERT INTO `tb_gradeinfo_sub` VALUES ('1904', '大三', '201911117', '马天悦', '1080021', 80, '篮球（二）');
INSERT INTO `tb_gradeinfo_sub` VALUES ('1904', '大三', '201911117', '马天悦', '1100033', 59, '毛泽东思想和中国特色社会主义理论体系概论');
INSERT INTO `tb_gradeinfo_sub` VALUES ('1904', '大三', '201911117', '马天悦', '1100061', 82, '形势与政策');
INSERT INTO `tb_gradeinfo_sub` VALUES ('1904', '大三', '201911117', '马天悦', '2010062', 45, 'JAVA程序设计');
INSERT INTO `tb_gradeinfo_sub` VALUES ('1904', '大三', '201911117', '马天悦', '2010090', 77, '单片机系统及应用');
INSERT INTO `tb_gradeinfo_sub` VALUES ('1904', '大三', '201911117', '马天悦', '2010190', 76.5, '软件工程导论');
INSERT INTO `tb_gradeinfo_sub` VALUES ('1904', '大三', '201911117', '马天悦', '4115420', 0, '漫画艺术欣赏与创作');
INSERT INTO `tb_gradeinfo_sub` VALUES ('1904', '大三', '201911117', '马天悦', '4115460', 86.8, '石文化与宝石鉴赏');
INSERT INTO `tb_gradeinfo_sub` VALUES ('1904', '大三', '201911118', '董家宁', '1050040', 44, '综合英语（四）');
INSERT INTO `tb_gradeinfo_sub` VALUES ('1904', '大三', '201911118', '董家宁', '1070070', 87, '高等数学A（三）');
INSERT INTO `tb_gradeinfo_sub` VALUES ('1904', '大三', '201911118', '董家宁', '1080024', 88, '乒乓球（二）');
INSERT INTO `tb_gradeinfo_sub` VALUES ('1904', '大三', '201911118', '董家宁', '1100033', 84, '毛泽东思想和中国特色社会主义理论体系概论');
INSERT INTO `tb_gradeinfo_sub` VALUES ('1904', '大三', '201911118', '董家宁', '1100061', 80, '形势与政策');
INSERT INTO `tb_gradeinfo_sub` VALUES ('1904', '大三', '201911118', '董家宁', '2010062', 63, 'JAVA程序设计');
INSERT INTO `tb_gradeinfo_sub` VALUES ('1904', '大三', '201911118', '董家宁', '2010090', 65, '单片机系统及应用');
INSERT INTO `tb_gradeinfo_sub` VALUES ('1904', '大三', '201911118', '董家宁', '2010190', 78, '软件工程导论');
INSERT INTO `tb_gradeinfo_sub` VALUES ('1904', '大三', '201911118', '董家宁', '4115420', 67.64, '漫画艺术欣赏与创作');
INSERT INTO `tb_gradeinfo_sub` VALUES ('1904', '大三', '201911120', '何汶晟', '1050040', 66, '综合英语（四）');
INSERT INTO `tb_gradeinfo_sub` VALUES ('1904', '大三', '201911120', '何汶晟', '1080029', 89, '武术（二）');
INSERT INTO `tb_gradeinfo_sub` VALUES ('1904', '大三', '201911120', '何汶晟', '1100033', 77, '毛泽东思想和中国特色社会主义理论体系概论');
INSERT INTO `tb_gradeinfo_sub` VALUES ('1904', '大三', '201911120', '何汶晟', '1100061', 82, '形势与政策');
INSERT INTO `tb_gradeinfo_sub` VALUES ('1904', '大三', '201911120', '何汶晟', '2010062', 73, 'JAVA程序设计');
INSERT INTO `tb_gradeinfo_sub` VALUES ('1904', '大三', '201911120', '何汶晟', '2010090', 77, '单片机系统及应用');
INSERT INTO `tb_gradeinfo_sub` VALUES ('1904', '大三', '201911120', '何汶晟', '2010190', 66, '软件工程导论');
INSERT INTO `tb_gradeinfo_sub` VALUES ('1904', '大三', '201911120', '何汶晟', '4115420', 93.14, '漫画艺术欣赏与创作');
INSERT INTO `tb_gradeinfo_sub` VALUES ('1904', '大三', '201911121', '段煜宁', '1050040', 70, '综合英语（四）');
INSERT INTO `tb_gradeinfo_sub` VALUES ('1904', '大三', '201911121', '段煜宁', '1080024', 82, '乒乓球（二）');
INSERT INTO `tb_gradeinfo_sub` VALUES ('1904', '大三', '201911121', '段煜宁', '1100033', 82, '毛泽东思想和中国特色社会主义理论体系概论');
INSERT INTO `tb_gradeinfo_sub` VALUES ('1904', '大三', '201911121', '段煜宁', '1100061', 82, '形势与政策');
INSERT INTO `tb_gradeinfo_sub` VALUES ('1904', '大三', '201911121', '段煜宁', '2010062', 76, 'JAVA程序设计');
INSERT INTO `tb_gradeinfo_sub` VALUES ('1904', '大三', '201911121', '段煜宁', '2010090', 71, '单片机系统及应用');
INSERT INTO `tb_gradeinfo_sub` VALUES ('1904', '大三', '201911121', '段煜宁', '2010190', 69.5, '软件工程导论');
INSERT INTO `tb_gradeinfo_sub` VALUES ('1904', '大三', '201911122', '杨智博', '1050040', 65, '综合英语（四）');
INSERT INTO `tb_gradeinfo_sub` VALUES ('1904', '大三', '201911122', '杨智博', '1080024', 88, '乒乓球（二）');
INSERT INTO `tb_gradeinfo_sub` VALUES ('1904', '大三', '201911122', '杨智博', '1100033', 67, '毛泽东思想和中国特色社会主义理论体系概论');
INSERT INTO `tb_gradeinfo_sub` VALUES ('1904', '大三', '201911122', '杨智博', '1100061', 82, '形势与政策');
INSERT INTO `tb_gradeinfo_sub` VALUES ('1904', '大三', '201911122', '杨智博', '2010062', 82, 'JAVA程序设计');
INSERT INTO `tb_gradeinfo_sub` VALUES ('1904', '大三', '201911122', '杨智博', '2010090', 76, '单片机系统及应用');
INSERT INTO `tb_gradeinfo_sub` VALUES ('1904', '大三', '201911122', '杨智博', '2010190', 86, '软件工程导论');
INSERT INTO `tb_gradeinfo_sub` VALUES ('1904', '大三', '201911122', '杨智博', '4115420', 93.97, '漫画艺术欣赏与创作');

-- ----------------------------
-- Table structure for tb_studentinfo
-- ----------------------------
DROP TABLE IF EXISTS `tb_studentinfo`;
CREATE TABLE `tb_studentinfo`  (
  `stuid` varchar(10) CHARACTER SET utf8 COLLATE utf8_general_ci NOT NULL COMMENT '学生编号',
  `classID` varchar(10) CHARACTER SET utf8 COLLATE utf8_general_ci NULL DEFAULT NULL COMMENT '班级编号',
  `stuname` varchar(20) CHARACTER SET utf8 COLLATE utf8_general_ci NULL DEFAULT NULL COMMENT '学生姓名',
  `sex` varchar(10) CHARACTER SET utf8 COLLATE utf8_general_ci NULL DEFAULT NULL COMMENT '学生性别',
  `age` int NULL DEFAULT NULL COMMENT '学生年龄',
  PRIMARY KEY (`stuid`) USING BTREE
) ENGINE = InnoDB CHARACTER SET = utf8 COLLATE = utf8_general_ci ROW_FORMAT = DYNAMIC;

-- ----------------------------
-- Records of tb_studentinfo
-- ----------------------------
INSERT INTO `tb_studentinfo` VALUES ('201911001', '1901', '宋李蛟', '女', 20);
INSERT INTO `tb_studentinfo` VALUES ('201911002', '1901', '陆祺', '男', 20);
INSERT INTO `tb_studentinfo` VALUES ('201911003', '1901', '王逸', '男', 20);
INSERT INTO `tb_studentinfo` VALUES ('201911004', '1901', '关永贺', '男', 20);
INSERT INTO `tb_studentinfo` VALUES ('201911005', '1901', '林强', '男', 20);
INSERT INTO `tb_studentinfo` VALUES ('201911006', '1901', '范荣誉', '男', 20);
INSERT INTO `tb_studentinfo` VALUES ('201911007', '1901', '李莹', '女', 20);
INSERT INTO `tb_studentinfo` VALUES ('201911008', '1901', '孙安超', '男', 20);
INSERT INTO `tb_studentinfo` VALUES ('201911009', '1901', '赵美妍', '女', 20);
INSERT INTO `tb_studentinfo` VALUES ('201911010', '1901', '刘松', '男', 20);
INSERT INTO `tb_studentinfo` VALUES ('201911011', '1901', '李财东', '男', 20);
INSERT INTO `tb_studentinfo` VALUES ('201911012', '1901', '谭君奇', '女', 20);
INSERT INTO `tb_studentinfo` VALUES ('201911013', '1901', '孟繁宇', '男', 20);
INSERT INTO `tb_studentinfo` VALUES ('201911014', '1901', '谢俊浩', '男', 20);
INSERT INTO `tb_studentinfo` VALUES ('201911015', '1901', '莫淳雨', '男', 20);
INSERT INTO `tb_studentinfo` VALUES ('201911016', '1901', '周洋', '男', 20);
INSERT INTO `tb_studentinfo` VALUES ('201911017', '1901', '郑蓉梅', '女', 20);
INSERT INTO `tb_studentinfo` VALUES ('201911018', '1901', '赵赛晗', '男', 20);
INSERT INTO `tb_studentinfo` VALUES ('201911019', '1901', '薛愿鑫', '男', 20);
INSERT INTO `tb_studentinfo` VALUES ('201911020', '1901', '贺卓', '男', 20);
INSERT INTO `tb_studentinfo` VALUES ('201911021', '1901', '任杰', '男', 20);
INSERT INTO `tb_studentinfo` VALUES ('201911022', '1901', '李坤鹏', '男', 20);
INSERT INTO `tb_studentinfo` VALUES ('201911023', '1901', '高鑫', '男', 20);
INSERT INTO `tb_studentinfo` VALUES ('201911024', '1901', '张融宇', '男', 20);
INSERT INTO `tb_studentinfo` VALUES ('201911025', '1901', '陈思烨', '女', 20);
INSERT INTO `tb_studentinfo` VALUES ('201911026', '1901', '朱文婧', '女', 20);
INSERT INTO `tb_studentinfo` VALUES ('201911027', '1901', '杨忠涛', '男', 20);
INSERT INTO `tb_studentinfo` VALUES ('201911028', '1901', '陆梓铭', '男', 20);
INSERT INTO `tb_studentinfo` VALUES ('201911029', '1901', '佘俊霖', '男', 20);
INSERT INTO `tb_studentinfo` VALUES ('201911030', '1901', '陶泊文', '男', 20);
INSERT INTO `tb_studentinfo` VALUES ('201911031', '1901', '刘洋', '男', 20);
INSERT INTO `tb_studentinfo` VALUES ('201911032', '1902', '陈昊', '男', 20);
INSERT INTO `tb_studentinfo` VALUES ('201911033', '1902', '赵志文', '男', 20);
INSERT INTO `tb_studentinfo` VALUES ('201911034', '1902', '肖敬', '男', 20);
INSERT INTO `tb_studentinfo` VALUES ('201911035', '1902', '杨澳', '男', 20);
INSERT INTO `tb_studentinfo` VALUES ('201911036', '1902', '骆子萌', '女', 20);
INSERT INTO `tb_studentinfo` VALUES ('201911037', '1902', '邱小易鹭', '女', 20);
INSERT INTO `tb_studentinfo` VALUES ('201911038', '1902', '刘博文', '男', 20);
INSERT INTO `tb_studentinfo` VALUES ('201911039', '1902', '何书锐', '男', 20);
INSERT INTO `tb_studentinfo` VALUES ('201911040', '1902', '孙濂皓', '男', 20);
INSERT INTO `tb_studentinfo` VALUES ('201911041', '1902', '刘浩楠', '男', 20);
INSERT INTO `tb_studentinfo` VALUES ('201911042', '1902', '王文博', '男', 20);
INSERT INTO `tb_studentinfo` VALUES ('201911043', '1902', '邵世新', '男', 20);
INSERT INTO `tb_studentinfo` VALUES ('201911044', '1902', '古云飞', '男', 20);
INSERT INTO `tb_studentinfo` VALUES ('201911045', '1902', '路文广', '男', 20);
INSERT INTO `tb_studentinfo` VALUES ('201911046', '1902', '余喜悦', '女', 20);
INSERT INTO `tb_studentinfo` VALUES ('201911047', '1902', '程时超', '男', 20);
INSERT INTO `tb_studentinfo` VALUES ('201911048', '1902', '王天钰', '男', 20);
INSERT INTO `tb_studentinfo` VALUES ('201911049', '1902', '可闯', '男', 20);
INSERT INTO `tb_studentinfo` VALUES ('201911050', '1902', '王子坤', '男', 20);
INSERT INTO `tb_studentinfo` VALUES ('201911051', '1902', '冯团伟', '男', 20);
INSERT INTO `tb_studentinfo` VALUES ('201911052', '1902', '刘磊', '男', 20);
INSERT INTO `tb_studentinfo` VALUES ('201911053', '1902', '王浩屹', '男', 20);
INSERT INTO `tb_studentinfo` VALUES ('201911054', '1902', '张静', '女', 20);
INSERT INTO `tb_studentinfo` VALUES ('201911055', '1902', '苏炫畅', '男', 20);
INSERT INTO `tb_studentinfo` VALUES ('201911056', '1902', '李元鈞', '男', 20);
INSERT INTO `tb_studentinfo` VALUES ('201911057', '1902', '王泓溢', '男', 20);
INSERT INTO `tb_studentinfo` VALUES ('201911058', '1902', '王泽霖', '男', 20);
INSERT INTO `tb_studentinfo` VALUES ('201911059', '1902', '李昊', '男', 20);
INSERT INTO `tb_studentinfo` VALUES ('201911060', '1902', '周智艺', '男', 20);
INSERT INTO `tb_studentinfo` VALUES ('201911061', '1902', '周子豪', '男', 20);
INSERT INTO `tb_studentinfo` VALUES ('201911062', '1902', '王铁元', '男', 20);
INSERT INTO `tb_studentinfo` VALUES ('201911063', '1903', '苏曼', '女', 20);
INSERT INTO `tb_studentinfo` VALUES ('201911064', '1903', '宋来昂', '男', 20);
INSERT INTO `tb_studentinfo` VALUES ('201911065', '1903', '葛皖蒙', '男', 20);
INSERT INTO `tb_studentinfo` VALUES ('201911066', '1903', '张成', '男', 20);
INSERT INTO `tb_studentinfo` VALUES ('201911067', '1903', '于彤慧', '女', 20);
INSERT INTO `tb_studentinfo` VALUES ('201911068', '1903', '李胜楠', '女', 20);
INSERT INTO `tb_studentinfo` VALUES ('201911069', '1903', '陈嘉兴', '男', 20);
INSERT INTO `tb_studentinfo` VALUES ('201911070', '1903', '李祉儒', '女', 20);
INSERT INTO `tb_studentinfo` VALUES ('201911071', '1903', '杨小君', '女', 20);
INSERT INTO `tb_studentinfo` VALUES ('201911072', '1903', '秦佳琦', '女', 20);
INSERT INTO `tb_studentinfo` VALUES ('201911073', '1903', '赵航', '女', 20);
INSERT INTO `tb_studentinfo` VALUES ('201911074', '1903', '姚亮', '男', 20);
INSERT INTO `tb_studentinfo` VALUES ('201911075', '1903', '杨雯棋', '男', 20);
INSERT INTO `tb_studentinfo` VALUES ('201911076', '1903', '衣凤杰', '男', 20);
INSERT INTO `tb_studentinfo` VALUES ('201911077', '1903', '彭辉', '男', 20);
INSERT INTO `tb_studentinfo` VALUES ('201911078', '1903', '白锦岳', '男', 20);
INSERT INTO `tb_studentinfo` VALUES ('201911079', '1903', '赵志朋', '男', 20);
INSERT INTO `tb_studentinfo` VALUES ('201911080', '1903', '刘红伟', '女', 20);
INSERT INTO `tb_studentinfo` VALUES ('201911081', '1903', '刘靖宇', '男', 20);
INSERT INTO `tb_studentinfo` VALUES ('201911082', '1903', '徐露', '女', 20);
INSERT INTO `tb_studentinfo` VALUES ('201911083', '1903', '南东明', '男', 20);
INSERT INTO `tb_studentinfo` VALUES ('201911084', '1903', '高天', '男', 20);
INSERT INTO `tb_studentinfo` VALUES ('201911085', '1903', '俞博海', '男', 20);
INSERT INTO `tb_studentinfo` VALUES ('201911086', '1903', '文俊岚', '男', 20);
INSERT INTO `tb_studentinfo` VALUES ('201911087', '1903', '黄恺阳', '男', 20);
INSERT INTO `tb_studentinfo` VALUES ('201911088', '1903', '杨欣辉', '男', 20);
INSERT INTO `tb_studentinfo` VALUES ('201911089', '1903', '李静', '女', 20);
INSERT INTO `tb_studentinfo` VALUES ('201911090', '1903', '覃忠贤', '男', 20);
INSERT INTO `tb_studentinfo` VALUES ('201911091', '1903', '刘雄', '男', 20);
INSERT INTO `tb_studentinfo` VALUES ('201911092', '1903', '杨鹏宇', '男', 20);
INSERT INTO `tb_studentinfo` VALUES ('201911093', '1904', '李超', '男', 20);
INSERT INTO `tb_studentinfo` VALUES ('201911094', '1904', '苏昶', '男', 20);
INSERT INTO `tb_studentinfo` VALUES ('201911095', '1904', '杨宜涛', '男', 20);
INSERT INTO `tb_studentinfo` VALUES ('201911096', '1904', '赵国强', '男', 20);
INSERT INTO `tb_studentinfo` VALUES ('201911097', '1904', '付俊康', '男', 20);
INSERT INTO `tb_studentinfo` VALUES ('201911098', '1904', '朱宇同', '女', 20);
INSERT INTO `tb_studentinfo` VALUES ('201911099', '1904', '许宗梁', '男', 20);
INSERT INTO `tb_studentinfo` VALUES ('201911100', '1904', '荆莹', '女', 20);
INSERT INTO `tb_studentinfo` VALUES ('201911101', '1904', '张钦差', '男', 20);
INSERT INTO `tb_studentinfo` VALUES ('201911102', '1904', '白芸菲', '男', 20);
INSERT INTO `tb_studentinfo` VALUES ('201911103', '1904', '周恩驰', '男', 20);
INSERT INTO `tb_studentinfo` VALUES ('201911104', '1904', '金柏涛', '男', 20);
INSERT INTO `tb_studentinfo` VALUES ('201911105', '1904', '沈洪智', '男', 20);
INSERT INTO `tb_studentinfo` VALUES ('201911106', '1904', '王昌禹', '男', 20);
INSERT INTO `tb_studentinfo` VALUES ('201911107', '1904', '陶勇杰', '男', 20);
INSERT INTO `tb_studentinfo` VALUES ('201911108', '1904', '张彦斌', '男', 20);
INSERT INTO `tb_studentinfo` VALUES ('201911109', '1904', '韩佳伟', '男', 20);
INSERT INTO `tb_studentinfo` VALUES ('201911110', '1904', '尚达', '男', 20);
INSERT INTO `tb_studentinfo` VALUES ('201911111', '1904', '杨睿晟', '男', 20);
INSERT INTO `tb_studentinfo` VALUES ('201911112', '1904', '邹方晨', '男', 20);
INSERT INTO `tb_studentinfo` VALUES ('201911113', '1904', '王兴权', '男', 20);
INSERT INTO `tb_studentinfo` VALUES ('201911114', '1904', '黄品谚', '男', 20);
INSERT INTO `tb_studentinfo` VALUES ('201911115', '1904', '林通', '男', 20);
INSERT INTO `tb_studentinfo` VALUES ('201911116', '1904', '罗昆', '男', 20);
INSERT INTO `tb_studentinfo` VALUES ('201911117', '1904', '马天悦', '男', 20);
INSERT INTO `tb_studentinfo` VALUES ('201911118', '1904', '董家宁', '男', 20);
INSERT INTO `tb_studentinfo` VALUES ('201911119', '1904', '熊伟开', '男', 20);
INSERT INTO `tb_studentinfo` VALUES ('201911120', '1904', '何汶晟', '男', 20);
INSERT INTO `tb_studentinfo` VALUES ('201911121', '1904', '段煜宁', '男', 20);
INSERT INTO `tb_studentinfo` VALUES ('201911122', '1904', '杨智博', '男', 20);

-- ----------------------------
-- Table structure for tb_subject
-- ----------------------------
DROP TABLE IF EXISTS `tb_subject`;
CREATE TABLE `tb_subject`  (
  `code` varchar(10) CHARACTER SET utf8 COLLATE utf8_general_ci NOT NULL COMMENT '科目编号',
  `subject` varchar(40) CHARACTER SET utf8 COLLATE utf8_general_ci NULL DEFAULT NULL COMMENT '科目名称',
  PRIMARY KEY (`code`) USING BTREE
) ENGINE = InnoDB CHARACTER SET = utf8 COLLATE = utf8_general_ci ROW_FORMAT = DYNAMIC;

-- ----------------------------
-- Records of tb_subject
-- ----------------------------

-- ----------------------------
-- Table structure for tb_teacherinfo
-- ----------------------------
DROP TABLE IF EXISTS `tb_teacherinfo`;
CREATE TABLE `tb_teacherinfo`  (
  `teaid` varchar(10) CHARACTER SET utf8 COLLATE utf8_general_ci NOT NULL COMMENT '教师编号',
  `code` varchar(10) CHARACTER SET utf8 COLLATE utf8_general_ci NULL DEFAULT NULL COMMENT '课程编号',
  `teaname` varchar(20) CHARACTER SET utf8 COLLATE utf8_general_ci NULL DEFAULT NULL COMMENT '教师姓名',
  `sex` varchar(10) CHARACTER SET utf8 COLLATE utf8_general_ci NULL DEFAULT NULL COMMENT '教师性别',
  PRIMARY KEY (`teaid`) USING BTREE
) ENGINE = InnoDB CHARACTER SET = utf8 COLLATE = utf8_general_ci ROW_FORMAT = DYNAMIC;

-- ----------------------------
-- Records of tb_teacherinfo
-- ----------------------------

-- ----------------------------
-- Table structure for tb_userinfo
-- ----------------------------
DROP TABLE IF EXISTS `tb_userinfo`;
CREATE TABLE `tb_userinfo`  (
  `userid` varchar(50) CHARACTER SET utf8 COLLATE utf8_general_ci NOT NULL COMMENT '用户编号',
  `username` varchar(50) CHARACTER SET utf8 COLLATE utf8_general_ci NULL DEFAULT NULL COMMENT '用户姓名',
  `pass` varchar(50) CHARACTER SET utf8 COLLATE utf8_general_ci NULL DEFAULT NULL COMMENT '用户口令',
  PRIMARY KEY (`userid`) USING BTREE
) ENGINE = InnoDB CHARACTER SET = utf8 COLLATE = utf8_general_ci ROW_FORMAT = DYNAMIC;

-- ----------------------------
-- Records of tb_userinfo
-- ----------------------------
INSERT INTO `tb_userinfo` VALUES ('201911008', '孙安超', 'sac0330');
INSERT INTO `tb_userinfo` VALUES ('201911014', '谢俊浩', 'xjh0513');
INSERT INTO `tb_userinfo` VALUES ('201911021', '任杰', 'rj0712');

SET FOREIGN_KEY_CHECKS = 1;
